GEOID,NAME,state_po,acs_year,population,median_age,white_nonhispanic,black_nonhispanic,hispanic,hispanic_mexican,hispanic_puerto_rican,hispanic_cuban,hispanic_honduran,hispanic_venezuelan,hispanic_salvadoran,hispanic_nicaraguan,hispanic_guatemalan,hispanic_dominican,asian,native_american,native_hawaiian_pacific,median_household_income,per_capita_income,poverty_universe,below_poverty,education_25plus,male_hs,male_some_college_less_1yr,male_some_college_1plus,male_associates,male_bachelors,male_masters,male_professional,male_doctorate,female_hs,female_some_college_less_1yr,female_some_college_1plus,female_associates,female_bachelors,female_masters,female_professional,female_doctorate,election_year,unemployment_rate,white_nonhispanic_pct,black_pct,hispanic_pct,hispanic_mexican_pct,hispanic_puerto_rican_pct,hispanic_cuban_pct,hispanic_honduran_pct,hispanic_venezuelan_pct,hispanic_salvadoran_pct,hispanic_nicaraguan_pct,hispanic_guatemalan_pct,hispanic_dominican_pct,asian_pct,native_american_pct,native_hawaiian_pacific_pct,poverty_pct,hs_or_higher,bachelors_or_higher,hs_or_higher_pct,bachelors_or_higher_pct
02,Alaska,AK,2011,700703,33.8,451256,23426,39212,22373,4973,875,371,171,1006,213,296,1824,35912,97628,6848,69014,31944,684608,65111,438805,67463,16722,47688,17003,35924,13711,4573,3318,52086,17382,45083,18074,41596,15443,2922,1915,2012,7.8,64.40046638875529,3.3432138866252887,5.596094208245148,3.19293623689352,0.7097158139753933,0.12487459023295176,0.052946826258771555,0.024404062776954002,0.14357010031354225,0.030398043108135687,0.042243289953089964,0.260310002954176,5.125138610795159,13.932864566014416,0.9773042216174328,9.51069809292325,400903,119402,91.3624502911316,27.210720023700734
02,Alaska,AK,2015,733375,33.4,457470,25022,47808,25774,6772,899,671,81,969,266,565,2112,42921,101313,8841,72515,33413,716218,72957,464440,74450,17835,50723,17947,38722,14996,4541,2848,54874,17018,45407,19772,44479,18451,3730,2154,2016,6.3,62.37872848133629,3.4118970513039035,6.518902335094596,3.514436679734106,0.9234020794273052,0.12258394409408557,0.09149480143173683,0.011044826998465996,0.13212885631498208,0.03627066643940685,0.07704107721152208,0.28798363729333565,5.852531106187149,13.814624169081302,1.205522413499233,10.186423686642893,427947,129921,92.14258031177332,27.97368874343295
02,Alaska,AK,2020,736990,34.6,439979,23894,53059,28634,7507,1537,326,254,1107,297,281,2288,47289,107298,10485,77790,37094,719445,74369,483436,78947,19691,46874,20857,40942,16640,4935,3537,58539,17532,41548,21305,49219,22516,4657,2521,2020,5.6,59.69945318118292,3.2421064057856963,7.199419259420073,3.885263029349109,1.0186026947448406,0.20855099797826293,0.044233978751407756,0.034464511051710334,0.1502055658828478,0.04029905426125185,0.03812806143909687,0.3104519735681624,6.416504972930433,14.558949239474078,1.4226787337684363,10.336995878767661,450260,144967,93.13745769864057,29.986802803266617
02,Alaska,AK,2023,733971,35.6,428104,22774,52473,26443,7050,2372,481,204,973,289,741,2262,47099,101226,11379,89336,44928,716703,72978,487903,82601,18655,43448,23153,43413,17824,4701,3644,58605,16701,39043,21411,52380,23180,4593,2697,2024,4.2,58.32710011703459,3.1028473877033287,7.1491925430296295,3.6027308980872546,0.9605284132479349,0.32317353137930516,0.0655339243648591,0.027794013659940244,0.13256654554471498,0.03937485268491535,0.10095766726478295,0.3081865632293374,6.4170110263212035,13.79155307226035,1.5503337325316668,10.182460517117969,456049,152432,93.47124325941837,31.24227561625979
01,Alabama,AL,2011,4747424,37.7,3195148,1244112,173990,121153,11770,3475,2830,566,2193,877,12250,970,52668,26399,1256,42934,23483,4631432,813385,3138078,471910,82352,227286,89907,210681,74184,27399,17689,514494,104639,260283,130098,227530,105406,16052,10498,2012,9.6,67.30277304070586,26.206043530133392,3.6649349204958312,2.551973449180019,0.24792392674427227,0.07319759094616365,0.059611275504357734,0.011922255100871547,0.04619347250214011,0.01847317618986634,0.2580346731195697,0.020432133300080212,1.10940164602951,0.5560699865864098,0.026456453015361595,17.562278794118104,2570408,689439,81.91026481814664,21.970103993590982
01,Alabama,AL,2015,4830620,38.4,3204989,1276544,193492,128381,14524,5155,3156,1147,2913,1546,16976,1275,59599,23850,2439,43623,24091,4711439,887260,3239351,490120,85160,239560,100716,226204,82686,29363,19299,515175,109296,277164,150619,252608,119311,19146,13033,2016,6.1,66.34736327841975,26.426090232723748,4.005531381064956,2.6576505707341913,0.3006653390248043,0.106715080051836,0.06533322844686604,0.02374436407748902,0.06030281827177463,0.03200417337733045,0.35142486885741375,0.026394127461899303,1.2337753745895972,0.4937254431108222,0.05049041323888031,18.832038364499677,2729460,761650,84.25947049270054,23.512425791462547
01,Alabama,AL,2020,4893186,39.2,3192147,1301319,212951,124956,23613,6484,5089,2059,3987,843,19781,1588,67909,24764,2042,52035,28934,4771614,762642,3344006,499138,97163,236791,116611,253303,95170,30300,22558,515204,112398,275257,175453,293371,144576,21869,15897,2020,3.2,65.23657592415249,26.59451326804254,4.351990707077148,2.553673618783345,0.48256902557965303,0.1325108017557477,0.10400176899059221,0.042078923629716915,0.08148065493525078,0.017228039154857384,0.4042560409516417,0.032453293212234315,1.3878278896408187,0.5060915321837347,0.04173150172505194,15.982893838437057,2905059,877044,86.87361804972838,26.227345285863723
01,Alabama,AL,2023,5054253,39.3,3225652,1318507,271640,155209,24592,9966,6023,2471,5527,705,27922,3699,71969,22491,2564,62027,34835,4913932,768185,3448302,521949,103874,232849,124247,270963,107734,32334,25080,524425,120810,268775,184911,314023,161442,26410,19095,2024,2.5,63.820548753693174,26.087079534799702,5.374483627946603,3.070859333713607,0.4865605263527568,0.19718047355365867,0.11916696690885872,0.04888951938100448,0.10935344946127548,0.013948648791423776,0.5524456334101201,0.07318588919074688,1.4239295104538692,0.4449915744225705,0.05072955390242633,15.632796709437574,3038921,957081,88.1280409894493,27.75513861604929
05,Arkansas,AR,2011,2895928,37.3,2166104,449283,177869,137142,5446,921,2183,346,13161,748,3957,491,34815,17239,5031,40149,21833,2814184,516822,1904692,330084,56484,137363,43371,119495,36535,15356,9347,340373,69649,154065,69901,128632,50492,8417,4731,2012,7.9,74.79826846523808,15.51430146053355,6.1420380617197665,4.735684036343446,0.18805716164214029,0.03180327687704943,0.0753817083850151,0.011947810857176007,0.45446571876096364,0.025829371448461425,0.13664013746198111,0.016954841418709305,1.2022053034467708,0.5952841368984312,0.17372669486257947,18.36489724907824,1574295,373005,82.65352088421645,19.583481213760546
05,Arkansas,AR,2015,2958208,37.7,2177308,459748,203226,152982,5594,1507,2799,313,17965,600,5803,600,40336,18409,6845,41371,22798,2872497,553644,1962741,344993,58720,145268,48201,125622,41677,15288,11770,340284,74146,162606,75325,142119,61720,9325,6578,2016,5,73.60226190991303,15.541435896326425,6.869902319241919,5.171441629527065,0.18910096923542902,0.05094300333174679,0.09461809311583229,0.010580729955432478,0.6072933343429535,0.020282549435333825,0.19616605728873696,0.020282549435333825,1.3635281900393752,0.6223024209251006,0.23139008480810003,19.273962688211686,1663642,414099,84.76115799282738,21.097995099710047
05,Arkansas,AR,2020,3011873,38.3,2155099,457840,229629,167313,7703,2343,2707,630,22721,1192,6061,500,46130,19146,10455,49475,27724,2923585,470190,2026722,353092,63863,143147,57195,142105,51160,16914,10125,333720,73757,164501,94392,166543,76032,11278,8538,2020,3.5,71.55344863478639,15.201172160977572,7.624126249679186,5.5551147076918586,0.2557544757033248,0.07779212470114112,0.08987762764233419,0.02091721662898801,0.7543810778210104,0.039576701939291595,0.20123690474332748,0.016600965578561912,1.531605084278122,0.6356841739342928,0.34712619024772956,16.082651949575606,1766362,482695,87.15364021311261,23.81653724585809
05,Arkansas,AR,2023,3032651,38.4,2073216,452127,265833,187349,8902,2825,4948,1219,26223,799,10699,1307,47309,16893,12040,58773,33147,2944742,471783,2043779,366238,65611,137635,62509,149032,54805,17682,11675,336540,73076,154701,100391,175593,82787,12262,9385,2024,3.3,68.36315817415192,14.908639338980977,8.765697074935428,6.177730309224503,0.2935385575194772,0.09315282239862087,0.16315758061181454,0.04019585504563499,0.8646890130120479,0.026346585874866577,0.35279364490012205,0.04309760668141504,1.5599882742854354,0.5570373907185495,0.3970123828953612,16.021199819882355,1809922,513221,88.55761802034368,25.111374566428168
04,Arizona,AZ,2011,6337373,35.7,3686433,252127,1864375,1683280,30965,9112,3921,1661,11178,2066,13875,2705,172290,280986,11933,50752,25784,6197190,1003575,4087214,486529,140284,363029,149974,346128,133912,41529,29155,524202,173111,384640,180920,341995,144608,25353,16218,2012,9.4,58.169733736676065,3.9784150309599893,29.41873549181972,26.56116343475443,0.48860939698515454,0.14378197401352263,0.06187106234712711,0.026209598204177027,0.17638223282738763,0.03260025881386498,0.2189392986652356,0.04268330110915043,2.7186343615879958,4.433792992774766,0.188295686556559,16.1940331020995,3481587,1078898,85.1824005300432,26.396905080086334
04,Arizona,AZ,2015,6641928,36.8,3752853,281576,2014711,1813659,38540,12888,4804,1719,12744,2520,15910,3291,200090,294721,12471,50255,25848,6488917,1180690,4361304,518279,149474,384789,168439,373066,151238,45475,31763,545486,177831,406621,202130,380359,169789,27809,19511,2016,6.1,56.502464344690274,4.23937145961233,30.333225533309005,27.306212894810063,0.5802532035878739,0.19404004379451267,0.07232839621266596,0.02588103936086028,0.19187199861245108,0.0379407906860779,0.23953888087916644,0.04954886593169935,3.0125288922132247,4.43728086182205,0.18776174628812597,18.195486242157205,3752059,1199010,86.03066880914515,27.492006977729595
04,Arizona,AZ,2020,7174064,37.9,3883722,325105,2260690,1982168,51533,17140,5513,3293,18953,4166,19392,5050,239190,311014,14633,61529,32340,7012999,990528,4846056,575381,171370,405519,199953,441178,185312,54598,36536,576607,197625,433784,229200,470050,215798,36620,28606,2020,4.8,54.135591765002374,4.531671309316449,31.511985396283055,27.629639211470653,0.7183236726073255,0.23891618474549434,0.07684626175623746,0.04590145836446399,0.2641877741821093,0.05807029321176951,0.27030703935732936,0.0703924581659712,3.3340934789541885,4.335255442382449,0.20397085947379337,14.124171413684788,4258137,1468698,87.86809314626161,30.307078581015162
04,Arizona,AZ,2023,7268175,38.8,3878932,336931,2255770,1946282,49014,20426,6813,3859,21022,5022,24412,6878,249816,296794,14434,76872,40736,7109159,907125,4990633,596309,180566,396313,213491,487311,205391,57676,40986,575384,201402,409542,245636,512224,249173,41638,33063,2024,3.9,53.36872048347763,4.6357029102904095,31.036264261661284,26.7781389413436,0.6743646100981333,0.2810334093496648,0.09373742376869021,0.05309448382847139,0.2892335421202709,0.06909574962077825,0.33587523690610094,0.0946317335507194,3.437121423190829,4.083473499193401,0.1985918060586048,12.75994811763248,4446105,1627462,89.08899933134735,32.610332196336614
06,California,CA,2011,36969200,35.1,15028200,2252129,13752743,11493037,183059,83192,74847,12340,617589,104314,355339,11258,4825271,287712,141382,61632,29634,36211794,5211481,23797844,2464139,637004,1837959,816783,2216682,842685,313017,217408,2561233,756365,1955519,1008921,2366350,882059,232259,124607,2012,11.9,40.65059563095767,6.09190623546087,37.200542613851525,31.08814093894377,0.495166246497084,0.2250305659846575,0.20245772156281444,0.03337913722774634,1.6705500795256591,0.28216461270462984,0.9611757895761878,0.030452376572930977,13.05213799595339,0.7782478387414389,0.3824318621988033,14.391667532406707,19232990,7195067,80.81820353137873,30.234112804504477
06,California,CA,2015,38421464,35.8,14879258,2265387,14750686,12274907,209771,91274,88486,14145,685635,118154,407022,16489,5261978,287028,150370,61818,30318,37678735,6135142,25257858,2611119,682468,1975751,874438,2407360,937187,324401,237397,2620705,778804,2079864,1095884,2595236,1027818,259389,150396,2016,6.3,38.726421252454095,5.896149610540609,38.39178538329513,31.948046019277143,0.5459734694128261,0.237559922235134,0.2303035615717298,0.03681535924815359,1.7845103455714235,0.3075208170099921,1.0593609863486722,0.0429161158460802,13.695412543363783,0.747051179517782,0.3913697822654545,16.282770639725562,20658217,7939184,81.78926732425212,31.4325308187258
06,California,CA,2020,39346023,36.7,14365145,2250962,15380929,12635258,227838,105913,91216,19181,719841,112896,434671,17808,5834312,311629,149636,78672,38576,38589882,4853434,26665143,2765552,737279,1987274,949935,2764363,1111914,353772,264164,2665833,821107,2020860,1173892,3000464,1265263,314058,182875,2020,4.1,36.50977635020444,5.7209390641590385,39.09144515063187,32.11317697852208,0.5790623362366255,0.2691834953687695,0.23183029197131308,0.04874952673107521,1.8295140019615197,0.2869311594719497,1.1047393531996867,0.045259974559563494,14.828212752277404,0.7920215977101421,0.3803078140832683,12.576959939913785,22378605,9256873,83.92456398977497,34.71525729301358
06,California,CA,2023,39242785,37.6,13573226,2173343,15630830,12657515,224544,99986,112000,27518,756584,120047,486910,23937,5997069,445219,147827,96334,47977,38529452,4610600,26941198,2849541,775323,1858929,954957,2894023,1200233,365988,294920,2646654,836842,1856034,1179411,3141586,1386770,337169,213672,2024,4.8,34.58782550728752,5.538197658499517,39.831092518025926,32.25437491248391,0.5721918054490781,0.254788236869529,0.2854027816833081,0.07012244416393995,1.9279569480096788,0.30590846189942944,1.2407631109769606,0.0609971998674406,15.281965844167278,1.1345244737344713,0.37669854471337855,11.966430251849935,22792052,9834361,84.5992520451392,36.5030575106571
08,Colorado,CO,2011,4966061,35.9,3491019,195640,1011545,769790,21347,5634,5491,1741,11516,1630,6814,1953,134228,48201,5798,57685,30816,4852160,607727,3265425,373269,94790,258878,116779,374121,148775,42409,29250,375623,112875,269778,141408,385896,160372,27708,16595,2012,8.7,70.29754568057058,3.9395408151450413,20.369161796441887,15.50101780868177,0.42985778869812513,0.1134500764287833,0.11057053064793203,0.03505796646476956,0.2318940504355464,0.03282279456494795,0.13721136329175176,0.039326943426591016,2.7029067907140085,0.9706082949846971,0.11675249256906026,12.524875519356327,2928526,1185126,89.6828437339703,36.29316245205448
08,Colorado,CO,2015,5278906,36.3,3646224,213787,1112586,832155,28546,8422,6563,2956,12718,1701,8780,2304,153467,50008,7695,60629,32217,5161722,653969,3520177,385963,104697,283184,133328,417385,168401,44510,33479,381362,117875,285066,159473,430592,192452,31616,23572,2016,3.7,69.07158415020082,4.049835325728475,21.076071443590774,15.763777570579965,0.5407559823948371,0.159540632093089,0.12432500218795334,0.05599645077976384,0.24092113024933576,0.03222258551298318,0.1663223402727762,0.0436454068324005,2.9071743274079895,0.9473174934351928,0.14576883922540013,12.669589722189611,3192955,1342007,90.70438787595056,38.12328186906511
08,Colorado,CO,2020,5684926,36.9,3837450,235692,1231126,891760,36520,13396,6417,3754,16308,2462,9034,4715,181733,53671,8883,75231,39545,5563823,544232,3900754,435348,115533,288126,151346,495933,205051,52434,38735,391733,124711,281538,180781,520056,240433,41169,29042,2020,2.7,67.50219791779172,4.145911485919078,21.65597230289365,15.686395917906406,0.6424006222772293,0.2356407101869048,0.1128774587391287,0.06603428083320698,0.2868638923356258,0.04330751183040905,0.1589114792347341,0.08293863455742431,3.196752253239532,0.9440932036758263,0.1562553320834783,9.78161958063727,3591969,1622853,92.08396633061197,41.60357202735676
08,Colorado,CO,2023,5810774,37.5,3814910,232985,1291078,915399,41120,13297,9405,8884,19956,3595,13653,5231,187534,58576,8647,92470,50489,5693064,534188,4038534,433942,120925,280935,154173,549897,229802,56237,44829,377081,124788,265549,182340,567877,275398,47023,35292,2024,3.2,65.6523554349214,4.009534702261695,22.21869238073964,15.753477935985808,0.7076509945146722,0.22883354265714,0.16185451370161702,0.15288841039076723,0.3434310128048346,0.061867833785998215,0.2349600930960316,0.09002243074674735,3.2273497472109565,1.008058478956504,0.14880977990195454,9.38313709454171,3746088,1806355,92.75860993122753,44.72798792829279
09,Connecticut,CT,2011,3558172,39.8,2554059,347941,463407,48516,254563,9374,5852,2739,7808,1185,15366,23962,134108,8104,1327,69243,37627,3448191,326771,2413922,327186,59088,134500,68406,236672,119519,40468,22966,351811,71666,155235,108075,249437,150549,28865,13546,2012,9,71.78008820259392,9.778644764783714,13.023738031775867,1.3635091277206386,7.154319689998124,0.2634498838167464,0.16446647323400893,0.07697772901366207,0.21943852067859565,0.03330361770032477,0.43185096167357845,0.6734356855149217,3.7690139768397932,0.22775739902399322,0.03729443096061685,9.476592218934508,2137989,862022,88.5691004100381,35.71043306287444
09,Connecticut,CT,2015,3593222,40.4,2487119,370501,526508,54369,278670,11031,8436,2928,8266,2034,19641,31550,150670,8908,981,70331,38803,3483303,366351,2462855,333287,59537,141445,71074,248324,127464,41235,24805,340686,71458,157689,112215,267677,169806,30617,15679,2016,5.6,69.21695904121705,10.311107969393486,14.652810207663206,1.5130988288505414,7.755435094185664,0.30699466940812453,0.2347753631698793,0.08148675478442467,0.23004423328143933,0.05660657760639337,0.5466124831697011,0.8780420469428273,4.19317258994852,0.24791120615425374,0.02730140247387999,10.517345174967552,2212998,925607,89.85498537266709,37.582683511615585
09,Connecticut,CT,2020,3570549,41.1,2357942,382161,587212,63563,293090,12951,10223,3571,9655,1762,22382,42946,163262,9079,1189,79855,45668,3466935,339156,2489205,328904,61547,138065,77725,261124,138747,42370,24095,326477,71499,148127,115311,290335,184949,35348,19032,2020,3.6,66.03863999625827,10.703143970297004,16.44598631751028,1.7802024282540303,8.208541599625157,0.36271733002403833,0.28631451353839427,0.10001263111078997,0.27040659573639797,0.04934815346323493,0.6268503807117617,1.2027842216981197,4.572462105967458,0.25427462275409185,0.03330020117354502,9.78258894383656,2263655,996000,90.93887405818325,40.0127751631545
09,Connecticut,CT,2023,3598348,41.2,2265780,384753,640668,63478,294813,14346,10355,6404,10169,2841,26909,56499,170954,9569,1806,93760,54409,3510193,351948,2532853,332324,66101,133525,78014,279589,145008,44318,27295,314770,72479,138486,115202,302346,203918,38615,21314,2024,3.8,62.96722829476194,10.692489998188059,17.80450362221775,1.7640872978377857,8.19300968110922,0.39868295117648433,0.2877709437775335,0.17797055760032104,0.28260190509644983,0.07895289727397127,0.7478153863939786,1.5701371851749746,4.750902358526746,0.26592758677037354,0.05018969816148966,10.026457234687665,2313304,1062403,91.33194859709585,41.9449135026786
10,Delaware,DE,2011,890856,38.6,586953,188519,70196,30059,21422,1757,793,277,965,173,5510,1518,28726,3109,442,59317,29659,865744,96805,595938,89036,17669,38874,17645,46411,20618,6832,6351,99893,21319,42849,26598,53024,25966,4732,2761,2012,7.6,65.8864058837792,21.161556974415618,7.879612417719587,3.3741704607703156,2.4046535018005155,0.1972260387761883,0.08901550867929273,0.031093689664771856,0.10832278168413302,0.01941952459207773,0.6185062456783139,0.1703979094264393,3.2245390949828026,0.34899018472121196,0.049615201558950044,11.181711914838568,520578,166695,87.35438921498545,27.971869556900213
10,Delaware,DE,2015,926454,39.3,591922,200481,80706,31779,25868,1956,1134,461,904,206,6566,2721,33643,3140,306,60509,30554,900820,108315,631118,94632,17930,39816,19261,52427,23469,6454,6601,101604,21013,45784,28343,59714,32125,4706,3866,2016,4.8,63.891137606400314,21.639606499621138,8.711279782914207,3.430175702193525,2.7921515801108314,0.21112758971303486,0.1224021915820969,0.04975962109289829,0.09757635025592204,0.022235318753008784,0.7087238006420179,0.2937004967327034,3.63137295537609,0.3389267033225611,0.03302916280786742,12.024044759219379,557745,189362,88.3741233810476,30.004214742726397
10,Delaware,DE,2020,967679,41,595236,212795,91350,34018,26908,1320,1369,358,2027,504,8055,4173,38528,3560,705,69110,36574,941266,107641,679870,104525,18924,40535,21121,59723,27870,6524,7961,106473,22489,46449,33468,69369,39487,5681,5428,2020,3.6,61.51172031221097,21.990246765714662,9.4401139220754,3.5154219529410065,2.780674169843512,0.1364088711235854,0.1414725337637791,0.036995739289578465,0.20947028921780877,0.05208338715627807,0.8324041340155155,0.4312380448475166,3.98148559594659,0.3678905918181546,0.07285473798646039,11.435768422528806,616027,222043,90.60952829217351,32.65962610499066
10,Delaware,DE,2023,1005872,41.5,593548,220645,107829,36516,31020,1762,2444,1000,2171,323,11222,6215,41164,3744,403,82855,44219,981264,105246,710442,103739,20393,41615,23385,65871,32144,7842,8898,102453,23855,47201,36031,78468,45286,6441,5676,2024,4,59.00830324335502,21.93569360713888,10.719952439276568,3.630282978351122,3.083891389759333,0.17517139357691636,0.24297326101134142,0.09941622790971415,0.21583263079198944,0.03211144161483767,1.1156489096028124,0.6178718564588734,4.092369605675474,0.3722143572939698,0.04006473984761481,10.725553979357237,649298,250626,91.39352684666729,35.27747514927327
12,Florida,FL,2011,18688787,40.5,10917419,2946899,4122759,610019,827544,1206102,119944,102219,58206,143537,84899,166679,455403,58192,11005,47827,26733,18282511,2679400,12949216,1826792,376911,870788,480337,1060716,382720,162235,82138,2070781,474208,979678,631716,1110105,423499,94995,49960,2012,10,58.416948087642076,15.768273243201927,22.060067354826185,3.2640909225408796,4.428024140892611,6.453613067557567,0.6417966024226184,0.5469536358887284,0.3114487847713177,0.7680380754513388,0.4542777441896042,0.8918663367504804,2.436771311054056,0.3113738735424616,0.05888557668295968,14.655536102234535,11077579,3366368,85.54632960018583,25.99669354499917
12,Florida,FL,2015,19645772,41.4,11013749,3171108,4660733,668344,977995,1363419,126938,126674,63073,153004,102722,201261,509085,54569,11024,47507,26829,19228208,3180109,13824205,1947974,401623,932602,555952,1167778,425992,170139,91442,2126278,487203,1037267,740892,1250777,506231,104602,63187,2016,5.5,56.06167576412879,16.141427275039128,23.723847553560123,3.4019737172965256,4.978144915862813,6.940012334460564,0.6461339366047819,0.6447901360150163,0.3210512674177426,0.7788138842291359,0.5228707734162852,1.0244494337000347,2.591320921366694,0.277764599935294,0.05611385493021094,16.53876949947702,12009939,3780148,86.87616394577482,27.344415103798013
12,Florida,FL,2020,21216924,42.2,11331222,3381061,5468826,709870,1155423,1532516,150689,242869,76313,153486,126443,246209,590668,55655,13339,57703,32848,20793628,2772939,15255326,2111668,462506,970101,651616,1388109,539183,201820,102505,2196874,535123,1045601,870093,1550484,657318,142467,78060,2020,3.3,53.40652584700779,15.935679460415658,25.775772209015784,3.345772459759011,5.445761129181591,7.223082855931426,0.7102301917092223,1.1446946786442747,0.3596798480307513,0.7234130640237953,0.5959534944839318,1.1604368286373652,2.7839473808738724,0.26231417900163095,0.06286962238258477,13.335522786115053,13503528,4659946,88.51681045688568,30.546354761609155
12,Florida,FL,2023,21928881,42.6,11266583,3363769,5865737,730567,1208449,1566370,155633,334415,84183,163867,159910,284626,628137,66779,13136,71711,41055,21459978,2707698,15850299,2173917,486814,951931,691162,1555662,615571,221087,117701,2172485,550198,1008258,908166,1729701,762001,164144,98064,2024,2.9,51.37782908302526,15.339446641166962,26.74891162937133,3.331528863693501,5.510764548359764,7.142954535619031,0.7097170165682416,1.5249980151746,0.38389099744761257,0.7472656721517162,0.7292209757533912,1.2979504061333544,2.8644279660234373,0.3045253426292021,0.05990273739914043,12.617431387860695,14206862,5263931,89.63150789773745,33.2102946449149
13,Georgia,GA,2011,9600612,35.2,5405212,2922448,824037,510584,69051,25208,20574,7251,37898,4066,39150,15151,308677,23979,4653,49736,25383,9336746,1541462,6152481,871947,154626,420954,169023,523196,184729,64460,38125,936440,192441,491781,238449,563374,238880,52154,27162,2012,10.1,56.300702496882494,30.440226102252648,8.583171572812233,5.31824429525951,0.7192353987433301,0.2625665947129204,0.21429883844904887,0.07552643518975664,0.3947456682969794,0.04235146676066068,0.40778650361039487,0.15781285609709048,3.2151804489130487,0.24976532746037441,0.048465660314154974,16.509627658286945,5167741,1692080,83.99442436311465,27.502401063896016
13,Georgia,GA,2015,10006693,35.9,5460401,3096757,915120,548982,86792,31175,25667,6942,40768,7703,43162,20794,360448,25887,4704,49620,25737,9737146,1788947,6500205,907401,166058,458032,191545,563549,208083,67107,43624,938523,202813,539732,273920,614637,282457,58942,35085,2016,6.1,54.56748798029479,30.94685726843024,9.14507919849245,5.486148121062573,0.8673394896795574,0.31154148528389947,0.25649832567062864,0.06937356827075637,0.40740732227919857,0.07697847830447083,0.43133130995424757,0.20780091884501703,3.602069135127859,0.258696854195487,0.047008537186061364,18.372395771820614,5551508,1873484,85.40512183846509,28.82192177015956
13,Georgia,GA,2020,10516579,36.9,5478289,3319844,1013057,558421,107661,36164,30479,16042,42047,6663,58261,28437,434603,34962,7127,61224,32427,10238369,1461572,6996425,963114,181163,468118,228379,644377,258195,78837,48917,962260,219071,541665,331340,732934,360916,78704,49782,2020,3.6,52.09193027504476,31.56771798129411,9.632951932372686,5.309911141256106,1.0237264418400698,0.3438760836580032,0.28981858073808986,0.15254009882871608,0.399816328104415,0.06335710500534442,0.5539919397743316,0.2704016201466275,4.132551089094657,0.3324465113607762,0.06776918615835054,14.27543781631625,6147772,2252662,87.87019084746854,32.197329350346784
13,Georgia,GA,2023,10822590,37.4,5394071,3391689,1158299,592108,123749,41738,41402,29620,52884,10139,72658,31108,472915,42058,7338,74664,39525,10560625,1423159,7253060,989321,197430,461971,249747,709812,289074,81925,56776,961377,233915,522395,354673,793762,407136,86766,55656,2024,3.2,49.840851404331126,31.338977084043652,10.702604459745773,5.471037893886768,1.1434323946486007,0.3856562985385199,0.3825516812519,0.27368679770738796,0.48864458507621555,0.09368367461023655,0.6713550083667588,0.28743581711956195,4.369702631255549,0.38861307690672936,0.06780262395600314,13.476086879327692,6451736,2480907,88.95191822485957,34.204970040231295
15,Hawaii,HI,2011,1346554,38.4,308067,21628,119059,35123,40319,1743,441,257,1119,252,780,533,524274,3198,129157,67116,29203,1311890,134387,915429,134175,24197,77429,42711,84598,27288,11456,6652,128161,25436,75555,47306,94656,32694,8443,4323,2012,6.8,22.878176441494364,1.6061739818826426,8.841754582437837,2.608361788684301,2.9942356563494665,0.12944152258282995,0.03275026474987264,0.019085755194370224,0.08310101191634349,0.018714436999927222,0.057925638333108063,0.039582519527623844,38.93449501468192,0.23749511716574306,9.591668807934921,10.243770438070266,825080,270110,90.13041972670737,29.506384438334376
15,Hawaii,HI,2015,1406299,38,321832,28688,139251,41588,47911,2055,642,416,1098,553,692,1003,530551,3012,138901,69515,29822,1369085,153944,962052,138389,26840,81435,48478,92893,28602,12320,7486,129947,26775,76763,50404,103117,37553,9424,5319,2016,3.4,22.885033694825925,2.039964474126768,9.901948305445712,2.957265844603459,3.4068857334037785,0.14612824157593798,0.045651742623723686,0.029581191482039026,0.07807727944057416,0.03932307425376822,0.04920717429223799,0.07132195927039697,37.72675654323867,0.2141792037113018,9.877060283766111,11.244298199162214,875745,296714,91.02886330468624,30.841784019990605
15,Hawaii,HI,2020,1420074,39.4,306360,26717,152566,47164,51188,2045,452,755,996,344,1928,1030,534519,3508,147698,83173,37013,1381577,127971,996423,141776,28504,75825,52479,102092,33593,12643,8631,130255,29588,72891,55741,116587,44046,10376,6521,2020,2.5,21.57352363327545,1.881380829449733,10.74352463322334,3.321235372241165,3.6046008869960295,0.14400657993879193,0.03182932720407528,0.053166243449285035,0.0701371900337588,0.02422408973053517,0.13576757267579012,0.07253143146061403,37.640221565918395,0.24702938015906212,10.400725595990068,9.262675913105097,921548,334489,92.48562106655507,33.56897622796744
15,Hawaii,HI,2023,1445635,40.6,305329,27740,142225,47729,48113,1910,621,823,1574,234,589,1558,538807,3835,149030,98317,44823,1409460,140461,1027351,144716,30392,72143,55032,107293,38526,14262,9469,129096,32104,68740,57780,123348,50791,13253,7456,2024,3,21.12075316383458,1.9188799385737063,9.838237176050663,3.3015941091631014,3.3281568307352822,0.1321218703199632,0.04295690129251159,0.056929999619544355,0.10887948894430476,0.016186658458047846,0.040743341161496506,0.10777270887879721,37.27130292224524,0.26528134695133976,10.308964572661841,9.965589658450755,954401,364398,92.89921360859141,35.46966908096649
19,Iowa,IA,2011,3032266,38,2698533,85714,144158,112480,5083,1468,1550,244,5495,588,6170,278,52881,9958,1112,50451,26110,2932765,347536,1999820,339579,68890,133863,86774,160851,48264,18582,12355,336286,81947,148372,112800,183463,56755,10296,6956,2012,5.6,88.99394050521953,2.8267309002574312,4.754134366839848,3.7094371008348213,0.167630412371474,0.04841263926053981,0.051116887502613555,0.008046787452024327,0.18121761085603968,0.019391438613894692,0.2034781908975004,0.00916806111337198,1.7439433084036824,0.32840126822646826,0.03667224445348792,11.850114141433085,1806033,497522,90.30977788000921,24.878339050514548
19,Iowa,IA,2015,3093526,38.1,2703612,97788,168230,131476,5879,1959,1821,310,6504,753,6038,457,62997,9977,1882,53183,27950,2992774,373883,2049344,338397,71352,138599,98605,173039,53630,19381,13456,321851,80899,149960,128723,199395,66955,11611,8947,2016,3.7,87.39580659739082,3.1610531154417325,5.438131116402448,4.250037012780885,0.1900420426400166,0.06332579716478866,0.05886486811489543,0.010020927575847107,0.2102455256558374,0.024341156337460878,0.1951818087192414,0.014772786781168157,2.036414111276259,0.3225122400781503,0.06083672805723953,12.492857796813258,1874800,546414,91.48293307516941,26.662873582961183
19,Iowa,IA,2020,3150011,38.3,2677946,117035,194407,148372,8704,2522,2976,579,6713,1008,6841,797,79296,10538,3941,61836,33021,3051284,339090,2104864,338216,70961,138750,108847,192125,59742,21227,14866,309155,80817,142953,139649,222923,80685,14147,11400,2020,2.7,85.01386185635542,3.71538385104052,6.171629241929631,4.710205773884599,0.27631649540271447,0.0800632124776707,0.09447586056048693,0.018380888193723768,0.21311036691617902,0.031999888254358476,0.21717384478974838,0.025301498947146533,2.5173245426762003,0.33453851430995,0.12511067421669322,11.113026516050292,1946463,617115,92.47452567006704,29.318521291636895
19,Iowa,IA,2023,3195937,38.6,2654679,123234,223471,157347,9894,3764,4491,754,10364,995,13243,1476,78267,10998,4396,73147,39728,3096878,340362,2140476,349003,72936,135410,114752,206090,64122,21452,15979,300966,80220,138160,143291,235310,90166,14609,12891,2024,2.9,83.06418430651168,3.8559583621329203,6.99234684538525,4.923344859426202,0.3095805705807092,0.11777453685726597,0.14052216924175914,0.023592455045265283,0.32428674282377906,0.03113327953586069,0.41436987024462624,0.04618363878887475,2.4489531552092547,0.34412443048783503,0.13754964506496845,10.990487839688875,1995357,660619,93.22024633773049,30.86318183432096
16,Idaho,ID,2011,1549987,34.5,1306061,8823,168949,147504,3762,748,578,336,868,153,1161,393,18714,19584,2425,46890,22788,1519070,216734,970727,134457,36704,87518,38707,80939,26691,9535,7047,141236,44553,92687,44407,83379,23844,3964,2984,2012,8.2,84.26270671947572,0.5692305806435796,10.90002690345145,9.516466912303136,0.24271171306598055,0.04825846926458093,0.037290635340812534,0.02167760116697753,0.05600046968135862,0.009871050531391553,0.07490385403232414,0.025355051364946934,1.2073649649964806,1.2634944680181188,0.15645292508904915,14.267545274411317,858652,238383,88.45452944030609,24.55716179729213
16,Idaho,ID,2015,1616547,35.5,1342562,9900,191314,166554,3614,870,466,321,1686,135,1478,88,21711,20504,1921,47583,23399,1584410,245177,1030748,139652,39788,91669,43249,89500,30573,10032,7210,143584,48592,97651,51468,92735,28309,4787,3443,2016,3.9,83.05121966760014,0.6124164654662066,11.834731684262815,10.303071918106928,0.22356294001968394,0.053818416662181796,0.028826876051237606,0.019857139940873972,0.10429637987636611,0.008351133619993727,0.09142944807667207,0.005443701915255171,1.3430478668421022,1.2683825462544547,0.11883353840005889,15.474340606282464,922242,266589,89.47308168436902,25.863644654173473
16,Idaho,ID,2020,1754367,36.6,1427529,11536,222967,188699,5145,864,729,760,3122,238,1742,473,24501,23029,3174,58915,29494,1722972,205676,1145344,157384,44583,95814,51912,103612,37814,11681,9766,148333,52082,105936,60764,117480,36439,6453,5102,2020,2.9,81.3700326100525,0.6575591082139598,12.709256387061544,10.75595927191973,0.29326817022892016,0.049248532376635,0.04155344919278577,0.04332046829426226,0.17795592370353522,0.013566146650045288,0.09929507337974323,0.02696129145156059,1.396572096944368,1.3126671899323232,0.1809199557447216,11.937280466542695,1045155,328347,91.25249706638355,28.66798097340188
16,Idaho,ID,2023,1893296,37.1,1502167,14108,252466,204713,6719,1183,955,1274,3028,672,3162,674,24979,21532,3098,74636,37169,1843325,196060,1244319,169796,46730,101873,55820,121845,44343,13350,10647,152777,53066,107038,65617,136993,46874,8042,5938,2024,3.1,79.34137081576257,0.7451555382782196,13.334734769417988,10.812519542638869,0.3548837582712899,0.06248362643770441,0.05044113545900905,0.06729005924060474,0.15993273106793654,0.03549365762141789,0.16701033541506452,0.035599293507195914,1.3193393954246986,1.1372759462862647,0.16362998707016757,10.636214449432412,1140749,388032,91.67657168298483,31.184286344578844
17,Illinois,IL,2011,12790182,36.4,8177405,1859608,1987211,1577155,178169,22923,11481,2722,14356,2878,35280,6249,583302,25216,3185,56576,29376,12487023,1640428,8405202,1121657,253976,579032,264315,769900,315755,109261,55916,1199682,307491,632218,347053,834736,385193,69746,36149,2012,9.8,63.935016718292204,14.539339627848925,15.537003304565955,12.330981685796182,1.3930137976144514,0.1792234074542489,0.08976416441923969,0.021281948919882453,0.1122423433849495,0.022501634456804444,0.27583657527312744,0.04885778795016365,4.560544955497896,0.19715122114759587,0.024901913045490675,13.137062372672814,7282080,2576656,86.63777503503186,30.655491682412865
17,Illinois,IL,2015,12873761,37.3,8041878,1846108,2122841,1685953,198272,25518,14264,3143,14612,3216,39477,7295,645642,28363,3407,57574,30494,12571110,1801118,8600178,1131393,264902,603091,286299,815425,341254,108953,60977,1176916,303886,644898,372605,896362,437108,74578,43214,2016,6,62.46719975615518,14.340082901958487,16.489672287686556,13.096040853950916,1.5401249098845318,0.1982171332837389,0.11079901203696418,0.02441399991812804,0.11350218479277345,0.024981044777823667,0.30664698529046797,0.05666564728054218,5.0151777712822225,0.22031634733626015,0.02646468269839715,14.327438070305645,7561861,2777871,87.92679639886524,32.300157043261194
17,Illinois,IL,2020,12716164,38.3,7737459,1796660,2190696,1709245,203537,27916,16445,7678,19037,3393,41893,7638,709567,33972,5196,68428,37306,12418504,1488670,8686700,1114407,269669,581460,310664,895556,376657,115284,65784,1106002,308735,615684,396467,979455,508130,90871,53537,2020,4,60.847430089766064,14.128946433845929,17.227648212149514,13.441514280564485,1.6006163493959342,0.21953161346456368,0.1293235916114325,0.06037984411022066,0.14970709720321318,0.026682575028129554,0.32944683632579763,0.06006528383874257,5.580039703797466,0.26715603856634756,0.04086137926500476,11.987514760231988,7788362,3085274,89.65846639114969,35.517215973845076
17,Illinois,IL,2023,12692653,38.9,7456575,1750414,2348118,1804094,212170,30886,21612,15866,21026,5060,46438,9771,738308,66990,5514,81702,45104,12410718,1454217,8738607,1132544,275689,551337,319335,932369,402840,117708,72578,1075002,309443,568635,405805,1016830,549301,96796,61072,2024,4.5,58.74717444808426,13.790765413660958,18.49982032913056,14.213687240957427,1.6715969466745841,0.24333762216614604,0.17027173121332476,0.12500144768788685,0.16565488712249518,0.03986558208122447,0.36586519776440746,0.07698154199913919,5.816813868621478,0.5277856410318631,0.043442454465587296,11.717428435647317,7887284,3249494,90.25790952722785,37.18549192108079
18,Indiana,IN,2011,6454254,36.8,5279665,576304,377169,291633,30019,4567,7318,1379,6892,1387,6078,2200,99194,14772,1233,48393,24497,6255949,885150,4199481,728459,133024,276346,136145,300157,107617,35908,24996,775879,152047,304595,179037,311274,139129,20700,12956,2012,8.9,81.80132049342961,8.929056712053786,5.843727253374286,4.518461777302226,0.4651041003344461,0.07075953316990623,0.11338258457135401,0.021365753501489095,0.10678228653536101,0.021489702760380983,0.09417044944311148,0.03408604619526904,1.536877848315235,0.2288723065438701,0.01910367952671215,14.148932480108133,3638269,952737,86.63615813477904,22.687017752908037
18,Indiana,IN,2015,6568645,37.3,5288121,603014,421206,317115,35528,5228,7530,2263,10339,2642,7991,2723,121729,14793,2285,49255,25346,6367947,978043,4316273,738415,136854,293074,151932,318026,118267,35676,26139,755887,151014,320284,203703,346721,157018,21508,16901,2016,4.8,80.50550760468865,9.180188608152823,6.412372719183332,4.8277079976159465,0.540872584832945,0.07959023512459572,0.11463551463049076,0.0344515497488447,0.15739928097804037,0.04022138508018016,0.12165370483562439,0.041454516114053964,1.8531828101533878,0.22520626400117527,0.03478647422718079,15.358843281830078,3791419,1040256,87.8401111329149,24.100792512429127
18,Indiana,IN,2020,6696893,37.8,5253453,631923,475475,340483,43210,6347,8059,5685,13190,2174,9115,4642,158705,14030,2205,58235,30693,6491632,838149,4466180,748796,144102,281221,166998,365106,136800,39449,29196,733600,158826,314342,229076,405795,189052,27991,19405,2020,3.3,78.44612419520514,9.436062365040026,7.0999342530931875,5.084193520786431,0.645224583997385,0.09477529355777373,0.12033938723524475,0.08489011247454603,0.19695700677911385,0.032462815218938096,0.1361078936157409,0.06931572596426433,2.3698303078756076,0.2095001368545085,0.032925716447910994,12.911221708192947,3989755,1212794,89.33260638845725,27.15506316359842
18,Indiana,IN,2023,6811752,38,5184070,630680,569410,387866,53283,9062,13973,10147,15746,2729,15790,5553,172936,17208,2345,70051,37178,6616834,807582,4559304,767043,149821,277031,177502,395652,148912,40150,30947,729171,166407,297600,235992,439785,202909,30506,24225,2024,3.3,76.10479653399008,9.258704662177953,8.359229754694534,5.694071070115295,0.7822216663202066,0.13303479046213074,0.20513077986397624,0.14896314487080564,0.23115932582395837,0.04006311445278689,0.2318052683068908,0.08152087744826882,2.538788846100093,0.2526222328704862,0.034425798238103794,12.204960861946967,4113653,1313086,90.22545985088952,28.800141425094704
20,Kansas,KS,2011,2830985,36.1,2225141,163063,287599,241068,8848,2530,3463,524,6031,978,4694,543,67532,23860,1734,50594,26545,2746674,347184,1822400,257933,66207,139548,57093,172260,60550,20836,12930,259627,80742,151408,76979,182932,74468,11261,6378,2012,6.4,78.59953337795855,5.759938678587135,10.158972936981298,8.515340067149774,0.31254139460293856,0.08936818810414043,0.12232491517969893,0.018509458721964262,0.21303539227512683,0.034546279828398946,0.16580801381851193,0.019180603217608005,2.385459477884906,0.8428161929505101,0.06125076607611838,12.640160426756141,1631152,541615,89.50570676031606,29.719874890254612
20,Kansas,KS,2015,2892987,36,2228789,168402,323218,271112,10502,3712,3737,501,6371,751,5957,915,75653,24022,1796,52205,27706,2810222,381353,1869698,257676,71554,146145,63307,179350,66578,20577,13162,247907,80570,154003,85416,194870,84335,12625,8717,2016,4.2,77.04109973532546,5.821042403578032,11.172466381632548,9.371352169919879,0.36301580338936884,0.12831028967637947,0.12917444841611803,0.017317741144360483,0.22022221323497135,0.025959328541745954,0.205911744504901,0.031628209874430824,2.615048045497612,0.8303528498399751,0.06208116386281722,13.570209043983002,1686792,580214,90.21735060956368,31.032498296516337
20,Kansas,KS,2020,2912619,36.9,2193988,165837,351602,285350,12694,4517,4611,1402,7466,999,9333,1255,87093,22278,2344,61091,32798,2828498,323644,1911990,254740,69712,140876,73907,195031,77213,22017,14210,239486,81063,143710,94510,215313,99045,15181,10603,2020,3.2,75.32698234818903,5.693741611930705,12.071678444726206,9.797024602256595,0.43582768635375924,0.15508379228453842,0.15831112823201388,0.04813537232298492,0.25633287429629487,0.034299027782212506,0.32043325955094026,0.043088368234911606,2.990195422058292,0.7648786195516818,0.08047739852002614,11.442256632318637,1746617,648613,91.35073928210922,33.92345148248683
20,Kansas,KS,2023,2937569,37.2,2155363,159829,389514,304798,16735,5293,5147,2576,8409,1867,11205,1663,86212,21898,2586,72639,39638,2850379,328475,1933293,260181,73530,135470,77531,203476,80598,21849,15643,234934,82311,136235,96842,222052,107760,16249,12037,2024,2.7,73.37233610512638,5.44085943172739,13.259739601010223,10.375858405368522,0.5696887460345612,0.18018300165885465,0.17521290563728034,0.08769155720257124,0.2862571057905363,0.06355595391972069,0.38143784877904147,0.05661143619094564,2.934807658986053,0.7454463197290004,0.08803197473829551,11.523906119151173,1776698,679664,91.90008963980111,35.15576790481318
21,Kentucky,KY,2011,4316040,37.8,3737269,336628,124593,77382,11893,9091,2067,667,3016,597,5433,1043,47754,8913,2403,42248,23033,4186093,756947,2881383,493234,83885,181711,72227,172607,68130,28008,14279,494261,104856,207525,120383,181300,102369,19433,8605,2012,9.4,86.5902308597696,7.799464323778278,2.8867434036755917,1.7928934856952208,0.2755535166495213,0.21063289496853596,0.047891122417771846,0.015453980964031845,0.06987887044605703,0.013832123891344843,0.12587927822726386,0.024165670383036304,1.1064308949870716,0.20650874412656045,0.05567603636666944,18.082421962436097,2352813,594731,81.65568409336767,20.640470218641536
21,Kentucky,KY,2015,4397353,38.5,3762154,347034,143481,83848,14238,12143,2629,869,2914,519,8548,1797,55483,9063,2197,43740,24063,4263217,805841,2955216,504122,90328,194129,82951,187681,76806,27398,16677,489731,106479,222364,138458,198873,119311,21073,11125,2016,5.2,85.55496909163308,7.891884049336044,3.2628947459983313,1.9067834672358577,0.3237856956218889,0.27614339808516625,0.05978596669405435,0.019761888572511693,0.06626713843532689,0.011802554855159457,0.19438967033121973,0.04086549340023419,1.2617363218281543,0.2061012613724666,0.04996187479149388,18.902181146303366,2487506,658944,84.17340729070227,22.29765946042523
21,Kentucky,KY,2020,4461952,39,3751738,361230,167949,90537,16993,18415,6320,1670,3415,528,8973,1570,68139,8364,3033,52238,29123,4322881,717895,3034491,508889,94413,203833,101782,217129,84860,29752,17345,481307,109326,227756,158211,230755,138726,26059,14706,2020,4.1,84.0828856966637,8.095784087323217,3.7640252517283916,2.029089510599845,0.38084228606672593,0.4127117458905878,0.14164204366160818,0.03742756533463381,0.07653600935196075,0.011833385926159672,0.2011003255974067,0.035186393757709634,1.5271119008003673,0.18745159069393844,0.06797473392811039,16.60686472748151,2644849,759332,87.15955987346807,25.023372947884837
21,Kentucky,KY,2023,4510725,39.1,3712826,355237,212163,107967,19011,29357,7396,1858,4044,657,13202,2183,68482,7610,3737,62417,34960,4382816,707480,3078157,526736,99837,193773,108373,235174,94368,31595,19341,479979,112044,208521,165072,254668,150640,28450,16620,2024,4.2,82.31106972825876,7.875385885860921,4.703523269540928,2.393562010541543,0.4214621818000432,0.6508266409501798,0.16396477284693703,0.04119071767842199,0.08965299369835227,0.014565286068204114,0.29268022324570886,0.0483957678643677,1.5182038364121067,0.16870902127706744,0.08284699244578199,16.142133276870396,2725191,830856,88.53320347207762,26.991995534990583
22,Louisiana,LA,2011,4484596,35.9,2722640,1429820,183706,76467,10845,10778,31041,1890,4838,8015,6062,3296,69355,28154,1719,44086,23853,4356062,800705,2899261,486723,73566,210535,54181,188436,52220,28004,15107,516702,87600,236739,87552,222065,81778,16223,8468,2012,7.4,60.71093137486632,31.882916543652982,4.096377912302468,1.7051034251468806,0.24182780344093424,0.24033380041368277,0.6921693726703587,0.042144264500079825,0.10788039769914615,0.17872289945404224,0.1351738261372931,0.07349602951971594,1.5465161187317655,0.6277934511826707,0.038331211997691655,18.38139585708376,2365899,612301,81.60351896569506,21.11920934334646
22,Louisiana,LA,2015,4625253,36.1,2751183,1484363,218263,86776,13961,11475,38423,1855,7623,7837,9660,5797,77818,27238,1824,45047,24981,4494987,888280,3040041,506903,74835,225983,65828,205219,61425,28396,17089,524253,87526,261837,102632,245823,97401,19145,10814,2016,6.3,59.48178402349017,32.09257958429517,4.718941861126299,1.8761352081713152,0.30184294783442117,0.24809453666642667,0.8307221248221449,0.04010591420620666,0.16481260592663796,0.16943937985662622,0.20885344001722717,0.1253336844492615,1.6824593162795636,0.58889751544402,0.039435680599526124,19.7615699444737,2535109,685312,83.39061874494456,22.542853862826192
22,Louisiana,LA,2020,4664616,37.2,2720638,1500633,243372,88174,15130,12132,47164,2389,8242,7754,9087,6449,80930,25938,1743,50800,29522,4532187,845230,3139520,526718,80773,230892,84749,219405,69788,30579,17462,517638,99127,254689,120211,280593,125891,23570,13259,2020,4.6,58.325015392478186,32.170558090955396,5.217406963402775,1.890273497325396,0.3243568173671745,0.2600857176667919,1.011101449722764,0.0512153626364957,0.1766919291963154,0.16623018915169008,0.1948070323473572,0.13825360972907522,1.7349766840400151,0.5560586337653517,0.03736641987250398,18.64949526575139,2695344,780547,85.8521047803486,24.86198527163388
22,Louisiana,LA,2023,4621025,37.8,2598789,1434953,321022,97973,18173,15089,71215,2048,10386,10822,11932,8305,79925,27605,2884,60023,34211,4494539,848769,3110254,519583,84864,216788,89204,232710,74873,32542,19511,492538,102118,240036,131929,288958,135851,25017,16332,2024,3.7,56.23836702896002,31.052699347006346,6.946986869796203,2.1201573244031358,0.39326772739814214,0.3265292873334379,1.5411083038936169,0.04431917161235873,0.2247553302568153,0.23419046640085261,0.2582111111712228,0.17972203136749965,1.7295946245692244,0.5973782872847474,0.06241039596193485,18.884450663349455,2702854,825794,86.90139133331233,26.550693287429254
25,Massachusetts,MA,2011,6512227,38.9,5005318,431907,606922,38465,260144,10553,15736,4494,40059,2211,36149,106698,345422,12238,1711,65981,35051,6288679,673467,4419291,564830,100243,228398,132518,466833,225643,69319,61052,596552,120856,268550,205403,510521,288162,51898,37598,2012,7.2,76.86031214820981,6.632247309560922,9.31973040866051,0.5906581573400312,3.994701044665673,0.16204901948288966,0.24163776846230942,0.06900865095765243,0.615135191079795,0.03395151919612139,0.5550942864860209,1.638425687556653,5.304206994012954,0.18792342465949052,0.02627365415855436,10.7091966373224,3928376,1711026,88.89154391507597,38.71720599526032
25,Massachusetts,MA,2015,6705586,39.3,4982325,478947,707928,42031,297089,12231,17529,5227,50587,1595,41711,130264,400675,13189,1644,68563,36895,6471313,748905,4610510,579366,104700,243715,140361,502516,246886,71304,67598,590009,121974,275405,216772,546634,325305,58992,47868,2016,4.8,74.30111253513115,7.142507753983023,10.557287610657742,0.6268057705918617,4.430470357102272,0.18240016607049706,0.2614089208609061,0.0779499360682273,0.7544008830846402,0.02378613889971734,0.6220336298721693,1.9426191834688273,5.975242133946235,0.1966867623500765,0.024516872947420255,11.57269011713697,4139405,1867103,89.78193301825611,40.49666956583979
25,Massachusetts,MA,2020,6873003,39.6,4865022,513369,828140,47720,325186,15985,16717,6333,65729,2302,44111,157444,466044,13999,2786,84385,45555,6637329,653454,4815331,579178,110159,237547,148567,560775,287052,77357,80219,554180,127544,263010,221210,620678,388320,69785,59956,2020,3,70.78451733543547,7.469355098491882,12.049172683323432,0.6943107692518103,4.7313525106856495,0.23257664808235937,0.24322701445059752,0.09214312870225723,0.9563359713359648,0.033493365272792695,0.6418009711329967,2.2907599487443844,6.780791453168288,0.2036809819521394,0.0405354107949611,9.845134993308303,4385537,2144142,91.07446611665948,44.52740631952404
25,Massachusetts,MA,2023,6992395,40,4738848,489390,904679,54046,328541,16831,20541,8209,74135,3083,56086,179670,494890,16406,2593,101341,56284,6777241,676516,4945630,585933,116622,224438,149167,601978,315775,81022,88589,543869,127541,243742,223210,647662,424218,74393,72262,2024,3.4,67.77145741909604,6.998889507815277,12.938041972743244,0.7729254425701065,4.6985474933838836,0.2407043652425242,0.2937620085821811,0.1173989741712246,1.0602232854408253,0.04409075860273912,0.8020999957811309,2.56950587030624,7.07754639147245,0.23462633332356084,0.03708314533146368,9.98217416202257,4520421,2305899,91.40232892472748,46.62498003287751
24,Maryland,MD,2011,5736545,37.8,3167532,1683842,451861,85014,41439,9858,20185,2691,132696,7664,37474,13253,312883,16603,2708,72419,35751,5597203,502610,3828550,475070,102528,240306,94952,356064,183271,64497,54948,528998,130958,277155,144387,406437,234662,48051,32705,2012,7.3,55.21672016867295,29.35289446870895,7.876884082666483,1.481972162686774,0.7223686034015248,0.1718455969577507,0.3518668466821057,0.04690976885913036,2.313169337990027,0.13359957953785773,0.6532503449375887,0.2310275610145131,5.454206321052132,0.2894250807759723,0.047206114481800454,8.97966359269085,3374989,1380635,88.15319115592065,36.0615637774092
24,Maryland,MD,2015,5930538,38.2,3144084,1750916,533671,95779,48295,12746,29115,4142,162679,8453,45185,18372,357616,15579,2754,74551,36897,5789228,576805,4018459,499842,107594,256027,99975,383709,206440,65491,59196,526758,134169,287417,156279,442730,272501,51153,41750,2016,5,53.01515646641165,29.523729550337592,8.998694553512683,1.6150136800404957,0.8143443309864974,0.21492147929917993,0.49093353756438285,0.069841892927758,2.743073225397089,0.14253344300297882,0.7619038947225362,0.3097863971194519,6.030076866550725,0.26269117574156003,0.046437608190015814,9.963418265786043,3591031,1522970,89.36338531760558,37.89935395633003
24,Maryland,MD,2020,6037624,38.8,3028494,1803128,619418,97574,59738,13988,33886,4315,181925,10900,57164,25028,384429,15860,2650,87063,43352,5894835,531553,4164698,502982,114616,246045,114657,423294,232771,69545,62674,503026,137852,281073,168241,484229,320863,60687,49115,2020,3.4,50.1603610956893,29.86486074654533,10.25930067854507,1.6160993132397778,0.989428954171376,0.23168054188203838,0.5612472721057158,0.0714685114541747,3.0131886318194043,0.18053459440336134,0.9467962894012613,0.41453392924103916,6.367223265310989,0.26268611626030375,0.043891438088890594,9.017266810691055,3771670,1703178,90.56286914441336,40.89559435041868
24,Maryland,MD,2023,6170738,39.3,2923706,1825880,744272,116679,68142,16587,45572,7856,209211,11478,70275,30125,398305,23158,2556,101652,51689,6042502,564966,4272813,513697,120538,234587,122737,450985,253297,71760,67397,500478,137134,262441,172455,508940,354136,63535,55995,2024,2.1,47.38016749374224,29.5893295096956,12.061312601507307,1.8908435263334789,1.1042763442557437,0.26880091165756836,0.7385178239620609,0.12731054211019818,3.390372431952224,0.18600692494155482,1.1388427121683014,0.48819120176549385,6.454738476986059,0.3752873643314625,0.04142130163361336,9.349868647126637,3890112,1826045,91.0433477898518,42.73636594908319
23,Maine,ME,2011,1328543,42.4,1256736,13979,17307,4982,5142,764,454,191,363,105,695,475,13745,7124,310,47898,26195,1293254,165146,934144,158924,26485,59795,35711,74153,26913,10294,6120,162943,30856,67047,48064,88725,37238,6131,3623,2012,7.7,94.595056388841,1.052205310629765,1.302705294446623,0.3749972714469912,0.38704053989972476,0.05750660686180274,0.03417277423463148,0.014376651715450686,0.02732316530213926,0.007903394922106398,0.0523129473415614,0.03575345321905275,1.0345920305176421,0.5362265278579617,0.02333383262717127,12.769803920962161,843022,253197,90.24540113729789,27.104707625376818
23,Maine,ME,2015,1329100,43.8,1247808,15037,19447,5709,5708,967,237,192,858,172,540,766,14590,7811,187,49331,27655,1293513,180278,952777,159049,27463,61416,39071,81359,28098,9960,7127,157507,31325,69656,51524,97016,41268,6427,4906,2016,4.4,93.88368068617862,1.1313670905123767,1.4631705665487924,0.429538785644421,0.4294635467609661,0.07275600030095553,0.017831615378827777,0.01444586562335415,0.06455496200436385,0.012941087954254759,0.04062899706568354,0.05763298472650666,1.0977353096080054,0.5876909186667669,0.014069671206079304,13.937084513259625,873172,276161,91.64494944777213,28.98485164944158
23,Maine,ME,2020,1340825,44.8,1242113,18635,23143,7122,6297,1033,215,158,590,163,467,967,15270,8894,190,59489,33774,1304038,144384,982385,159294,29678,61296,44725,88526,32894,11342,7164,148163,30832,67020,55677,111220,52998,8824,6207,2020,2.9,92.63796543173046,1.3898159715100777,1.7260268864318609,0.5311655137695076,0.4696362314246826,0.0770421195905506,0.01603490388380288,0.0117837898308877,0.04400275949508698,0.012156694572371488,0.0348293028545858,0.0721197770029646,1.1388510804914884,0.663322954151362,0.014170380176383942,11.0720699856906,915860,319175,93.22821500735455,32.48980796734478
23,Maine,ME,2023,1377400,44.8,1248450,23145,28609,8327,6820,1330,385,278,916,224,700,766,15318,6237,276,71773,42035,1338071,144263,1016630,163577,30316,60117,47265,100803,37234,12898,8840,146666,30474,64532,58329,122910,58571,10425,7642,2024,2.9,90.63815885000726,1.6803397705822565,2.077029185421809,0.6045447945404385,0.49513576303179907,0.09655873384637724,0.02795121242921446,0.020182953390445766,0.06650210541600117,0.016262523595179323,0.050820386234935386,0.055612022651372155,1.1120952519239147,0.45280964135327423,0.02003775228691738,10.781415933833108,960599,359323,94.48855532494615,35.34452062205522
26,Michigan,MI,2011,9920621,38.5,7609623,1395245,432043,320885,36318,9533,2187,1201,3542,776,8985,3963,244623,54638,2690,48669,25482,9697212,1518458,6566864,981042,242114,502293,223292,493863,212902,69136,40732,1060826,278349,538881,317225,527623,253622,40058,21596,2012,10,76.7051074726068,14.064089334730154,4.35499955093537,3.2345253386859554,0.36608595369181024,0.09609277483738166,0.022044990933531277,0.012106096987275291,0.03570341009902505,0.007822090975958058,0.09056892708631849,0.03994709605376518,2.4658033000151907,0.5507518128149438,0.027115238048102033,15.65870685306251,5803554,1659532,88.37633914757485,25.27130149185365
26,Michigan,MI,2015,9900571,39.5,7513622,1381388,467021,343997,43770,10158,2975,1569,5118,837,11865,5685,268766,53951,2083,49576,26607,9678203,1616870,6652665,974381,239959,519135,247759,523862,227177,67364,45406,1014001,269657,554985,347439,571074,285778,42958,28273,2016,5.4,75.89079458144384,13.952609400003293,4.717111770624139,3.474516772820477,0.4420957134694555,0.10260014296145142,0.030048771934467214,0.015847570811824894,0.05169398815482461,0.00845405785181481,0.11984157277393395,0.05742093057057012,2.7146515084837026,0.5449281662643498,0.021039190567897548,16.70630384586891,5959208,1791892,89.57625252436429,26.93495012900845
26,Michigan,MI,2020,9973907,39.8,7428622,1360149,521203,371361,48389,13791,5054,2550,4681,1358,13074,7373,316844,50035,3117,59234,32854,9753541,1337256,6853674,982549,252925,518240,270875,594043,260942,75360,49307,973105,274644,541840,388052,657074,331363,52634,34408,2020,4.1,74.48056213076781,13.637073215140266,5.225665328541764,3.723325272633884,0.48515591733510244,0.13827078997227465,0.05067221902109174,0.025566711219585266,0.04693246087014848,0.013615526994586975,0.13108203234700302,0.07392288698902046,3.1767290390816756,0.5016589787733132,0.03125154465546952,13.710466793547083,6257361,2055131,91.29936731744172,29.98582949816405
26,Michigan,MI,2023,10051595,40.1,7333936,1346689,576808,398320,52550,18311,6290,3564,6093,1561,14107,8238,329676,46010,2670,71149,39538,9842260,1284470,6967452,1004724,260935,498795,285598,640169,281548,76266,53604,959814,276058,511553,391969,703342,361522,57448,39205,2024,3.9,72.9629078768096,13.397764235427312,5.73847235190037,3.962754169860604,0.5228025999853755,0.18217009340308676,0.06257713328083751,0.0354570593025286,0.06061724532275723,0.015529873617072714,0.14034588540425674,0.081957142125205,3.279837677502924,0.4577382992450452,0.026562948467382542,13.050559525962532,6402550,2213104,91.89227281364838,31.763462453706175
27,Minnesota,MN,2011,5278190,37.3,4404588,264751,242956,175394,11808,3068,3025,1143,7264,1349,6435,1123,208315,57271,2129,58476,30310,5155949,565154,3490475,479030,107330,266228,157491,359342,115815,44355,24450,480924,130471,280650,185614,390848,130649,28969,14853,2012,6.5,83.4488337858243,5.015942965296816,4.60301732222599,3.32299519342805,0.22371305314890141,0.058125986370327704,0.057311313158488045,0.021655150724017136,0.13762293513496102,0.025558003785388556,0.1219167934462382,0.021276232951068456,3.946712793590227,1.0850499887271963,0.04033579693038712,10.961202292730203,3197019,1109281,91.59266288972131,31.78023048438966
27,Minnesota,MN,2015,5419171,37.7,4427809,299176,270984,189743,13075,4098,5134,958,9396,1423,8161,1854,240786,56561,1970,61492,32157,5295613,596662,3632992,484953,112146,272643,178585,389379,126165,44700,27900,461733,132559,278698,211657,428936,157945,30797,19423,2016,3.8,81.70639014712768,5.520696800303957,5.000469629026285,3.5013288932938265,0.24127306556667064,0.07562042238563796,0.09473773756170455,0.01767798063578359,0.17338445308332215,0.026258628856701514,0.1505949895288412,0.03421187484211146,4.443225725853641,1.0437205247813734,0.03635242364560927,11.26709976729795,3358219,1225245,92.43672983590385,33.72550779082365
27,Minnesota,MN,2020,5600166,38.1,4422490,359817,307675,204270,15891,5720,4918,2228,12216,2137,10698,3239,275242,54558,2201,73382,38881,5476956,511185,3802438,482066,117781,272232,203964,436916,147690,47623,30826,439132,132507,266906,236944,482143,191527,36506,25344,2020,3.3,78.97069479726136,6.425113112718445,5.494033569719183,3.647570447018892,0.28375944570214523,0.10213982942648486,0.08781882537053366,0.039784534958428014,0.21813639095698234,0.038159583126643026,0.19103005160918443,0.057837571243423855,4.914890022902893,0.9742211213024756,0.03930240639295335,9.33337788362733,3550107,1398575,93.36396806469955,36.781007343183504
27,Minnesota,MN,2023,5713716,38.6,4383717,388789,353608,222290,17869,6846,7057,3373,13953,3270,11751,3978,289148,50833,2376,87556,46957,5591806,514300,3897590,493025,123523,261690,215398,471500,161305,49970,33444,423719,130018,255103,242104,513248,212493,41064,30350,2024,2.8,76.72269675286626,6.804485907244952,6.188757019074802,3.8904628791490508,0.3127386800464006,0.11981694574949121,0.12350981392844868,0.059033385628547166,0.24420184692413835,0.05723070590137837,0.20566300460155879,0.06962194130754837,5.060594541275766,0.8896661997201121,0.041584145939350156,9.197386318481007,3657954,1513374,93.85168783786905,38.82845553277795
29,Missouri,MO,2011,5955802,37.7,4829636,686044,206777,145652,12760,5029,2889,793,5195,1073,6784,1588,93632,22509,5725,47202,25371,5777117,828615,3943728,621762,129507,283460,115023,304491,115497,40499,24961,645309,162588,313207,150548,326065,151181,24559,14691,2012,8.6,81.09127872283194,11.518918862648556,3.471858198106653,2.4455480554927784,0.21424486576283094,0.08443867005652639,0.048507321096302396,0.013314747535260574,0.08722586815344097,0.018016045530056236,0.11390573427390635,0.026663075770483977,1.57211404945967,0.37793398773162706,0.0961247536435899,14.343053810404047,3423348,1001944,86.80487092416111,25.406011773631448
29,Missouri,MO,2015,6045448,38.2,4849886,697022,233046,160338,15117,6468,3758,1445,6062,1860,8243,2078,106537,24951,6161,48173,26259,5863113,915972,4052300,631627,135953,295177,128174,324302,126533,40373,27633,635293,160222,325665,171463,361152,173660,27016,18240,2016,5.1,80.223765054302,11.529699701329001,3.8549004143282684,2.652210390363129,0.25005590983497006,0.1069895895225631,0.062162473318768105,0.02390228151825969,0.10027379277764031,0.030766950604818703,0.13635052356748417,0.03437296954667379,1.7622680734331022,0.41272375512947923,0.10191138853563872,15.622622316847723,3582483,1098909,88.40616440046394,27.11815512178269
29,Missouri,MO,2020,6124160,38.7,4826943,698043,262677,176154,18141,7460,5655,2083,7078,1534,9365,2126,123810,24274,8887,57290,31839,5942813,772992,4176792,649359,140894,291426,143272,363832,142611,44035,30337,626628,163754,324441,193389,406427,208364,32197,22781,2020,3.2,78.8180419845334,11.398183587626711,4.289192313721392,2.8763781481868533,0.2962202163235448,0.12181262409865189,0.09233919427317379,0.03401282788170133,0.11557503396384158,0.025048333159159785,0.15291893092277145,0.03471496499111715,2.0216650120179747,0.3963645626502247,0.14511377886926535,13.007173538861142,3783747,1250584,90.58978756902427,29.941256351764707
29,Missouri,MO,2023,6168181,38.9,4737581,686616,311924,195110,22782,8750,9183,2238,10588,1652,12651,2958,127846,16830,9681,68920,38497,5994199,756528,4217432,662163,141130,278322,151285,390725,155256,46170,31534,617279,165400,302206,199685,433972,225273,36658,25642,2024,3,76.80677658453928,11.131579958499922,5.05698519547335,3.163169174186036,0.36934713815953196,0.14185705639960952,0.14887695416201308,0.03628298196826585,0.1716551443610361,0.026782612248246285,0.20510098520130976,0.04795579118057657,2.0726693979959405,0.27285191533776326,0.15695064720052798,12.621002405826031,3862700,1345230,91.588910028662,31.89689839693918
28,Mississippi,MS,2011,2956700,35.9,1722204,1094596,75626,51072,5469,1876,2125,319,1182,343,2233,585,25807,13775,579,38718,20521,2860440,617805,1892687,283251,48627,145069,57102,107140,35581,15580,10419,296309,61449,166524,90290,131679,57107,9263,5357,2012,9.8,58.24750566509961,37.02086785943789,2.557784015963743,1.7273311462103018,0.1849697297662935,0.06344911556803193,0.07187066662157135,0.010789055365779416,0.0399770013866811,0.011600771129975988,0.07552338756045592,0.019785571752291405,0.8728311969425372,0.4658910271586566,0.01958264281124226,21.598250618785922,1520747,372126,80.34857321892103,19.661254079517636
28,Mississippi,MS,2015,2988081,36.5,1714674,1116457,86507,56379,8745,1619,3019,442,1815,542,3106,1032,28900,12896,409,39665,21057,2890915,651545,1940365,293227,51289,153014,63521,111579,39793,14548,10742,294359,60313,177862,103204,139651,67184,10492,7011,2016,6.5,57.383785780907544,37.36367923091777,2.8950687749093817,1.8867962414673498,0.292662749102183,0.05418193148043845,0.10103474437272618,0.014792102355993696,0.06074132528535872,0.018138731848299963,0.10394631203103262,0.03453721636060066,0.9671759232765109,0.43158133932781606,0.01368771462353263,22.5376740582134,1597789,401000,82.34476503132143,20.666214861636856
28,Mississippi,MS,2020,2981835,37.7,1680938,1123545,94342,54717,9927,3537,2999,435,836,774,5155,2001,29742,13951,1215,46511,25444,2883074,564439,1983112,302749,55135,148358,82419,118293,43995,16463,10896,294165,63949,173267,120836,156273,82388,13445,9446,2020,5.5,56.372602776478246,37.6796502824603,3.163890691470185,1.8350109915538586,0.33291580520048897,0.11861823340325672,0.10057565224098584,0.014588332352393743,0.02803642723356591,0.025957170668397145,0.17288012247491896,0.06710632882101122,0.9974394961491834,0.4678662635591842,0.04074672139806529,19.57767993468083,1692077,451199,85.32432863095983,22.752068466127984
28,Mississippi,MS,2023,2951438,38.4,1636190,1090777,106126,56819,9895,3125,6560,625,1737,922,6563,1994,28918,13181,1411,54915,30529,2851847,543697,1970298,304167,59992,139901,86815,124132,46269,16087,11886,285058,66179,163451,125472,166001,87695,13299,10628,2024,3.2,55.437044586401605,36.95747632171165,3.595738755142409,1.9251293776118623,0.3352603036214889,0.10588059108814077,0.2222645368122251,0.021176118217628152,0.058852667750432165,0.03123900959464505,0.22236618217966972,0.06756028756152085,0.9797935785877935,0.4465958627624907,0.047807204488117316,19.064732434804533,1707032,475997,86.63826487160826,24.158629811328034
30,Montana,MT,2011,982854,39.8,863867,4403,28368,20204,1326,534,22,74,58,182,197,33,5999,61399,664,45324,24640,958682,139904,663484,104064,20054,58211,23897,60824,19145,7322,4908,100124,23923,60542,28867,67912,19786,4322,2578,2012,6.6,87.89372582296048,0.4479810836604419,2.886288299177701,2.055646108170695,0.13491322210623347,0.054331569083505796,0.0022383792506313247,0.007529093843032637,0.005901181660755311,0.018517501073404597,0.02004366874428959,0.0033575688759469873,0.6103653238426053,6.24701125497785,0.06755835556450906,14.593368812598964,606479,186797,91.40823290388313,28.153956990673475
30,Montana,MT,2015,1014699,39.7,882585,4757,33622,23385,2233,638,145,70,301,46,258,111,7187,65693,848,47169,26381,989932,150586,690448,107946,22386,61014,26071,65635,20745,7019,5379,100080,24939,62840,31823,72464,24191,4848,3167,2016,4.3,86.97998125552505,0.46880897684929224,3.3134949379076946,2.3046243270171747,0.22006526073249308,0.06287578878071232,0.014289951995616435,0.0068985975151251745,0.029663969315038254,0.004533364081367972,0.02542625941288993,0.010939204631127063,0.7082888620172091,6.474136665158831,0.08357158132608783,15.211751918313581,640547,203448,92.77266354598753,29.46608578777837
30,Montana,MT,2020,1061705,40.1,908782,5919,41501,28858,2241,1043,481,387,91,212,293,498,8664,65523,595,56539,32463,1036490,132476,734688,108679,24204,59104,31091,77925,24002,9187,5979,97527,25602,62579,38178,85258,30747,6282,4116,2020,3.5,85.59646982918984,0.5574994937388447,3.908901248463556,2.718080822827433,0.21107558125844753,0.0982382111791882,0.04530448665118842,0.03645080318920981,0.008571119096170782,0.019967881850419842,0.0275971197272312,0.04690568472409944,0.8160458884530072,6.171488313608771,0.05604193255188587,12.781213518702545,690460,243496,93.98002961801473,33.14277625332114
30,Montana,MT,2023,1105072,40.2,929206,6015,48519,32227,2633,1020,321,516,186,367,288,69,9197,63108,485,69922,39842,1079200,129998,770335,114896,25671,59678,34452,85174,26576,9430,6888,99863,27173,60384,40330,90758,34264,7092,5884,2024,2.9,84.08556184574398,0.5443084251523882,4.390573645880087,2.9162805681439763,0.23826501802597477,0.09230167808070425,0.02904788104304516,0.04669379008788568,0.016831482473540185,0.03321050574080241,0.026061650281610612,0.0062439370466358755,0.8322534640276833,5.710759117957925,0.04388854300896231,12.045774647887324,728513,266066,94.57093342506832,34.538999266552864
37,North Carolina,NC,2011,9418736,37.3,6183777,2016228,764707,473528,69725,17510,32515,4704,41186,5250,22936,14232,202815,108960,4725,46291,25256,9162147,1473556,6229136,844747,175109,425355,212020,508258,168821,57277,43868,881005,226157,504218,317101,591373,221583,36275,25334,2012,10.3,65.65400070667657,21.406566656077842,8.118998133082826,5.027511122511555,0.7402797997523234,0.18590604938921743,0.3452161733803772,0.04994300721455618,0.4372773586604402,0.05573996340910288,0.24351462871451116,0.1511030779501623,2.1533144150128,1.1568431262963523,0.05016596706819259,16.08308620239339,5238501,1652789,84.09675113852066,26.533198183504105
37,North Carolina,NC,2015,9845333,38,6324373,2115338,869908,518249,87863,21557,39533,5609,51678,6135,31216,18006,244076,116143,6244,46868,25920,9592619,1667465,6582301,872739,189482,465250,234499,554161,198701,60058,49561,883256,233163,547982,354900,659426,268818,41256,34784,2016,5.7,64.23726856166266,21.485692764277246,8.835739735771252,5.263905243225394,0.8924329933786902,0.21895653504051107,0.40154050655269863,0.05697115577502559,0.5248984468072334,0.062313788675304335,0.3170639327283292,0.18288868441524525,2.4791035508905592,1.179675689994437,0.06342091222308072,17.382791915325733,5648036,1866765,85.8064072123107,28.36037124403761
37,North Carolina,NC,2020,10386227,38.9,6503292,2217522,991051,542666,112634,29804,51251,7896,53914,7402,31590,29809,308958,120272,7368,56642,31993,10098330,1411939,7096773,908568,204599,493413,282053,662302,246546,74139,55276,897835,239408,562596,419195,786670,349598,57294,42065,2020,3.9,62.61457601494749,21.350602100262204,9.541973230509983,5.2248617327543485,1.0844554042579657,0.2869569478887762,0.4934515681199727,0.07602375723157216,0.5190912927283411,0.07126745833689174,0.3041527977387746,0.28700508856584783,2.974689461341448,1.1579951025526403,0.07094010173280442,13.981905919097514,6281557,2273890,88.51286352261796,32.04118266147163
37,North Carolina,NC,2023,10584340,39.1,6419285,2178329,1158750,586611,130892,33272,72730,15846,66515,8450,46434,36828,333844,110873,6153,69904,39616,10297193,1355827,7261810,929636,213675,471883,301549,729714,281719,78845,60101,882892,242763,524033,429445,852995,399702,66028,52249,2024,3.5,60.64889260926992,20.580678625214233,10.947777565724458,5.542253933641588,1.2366571746561428,0.3143512018699324,0.6871472382784378,0.14971174395380346,0.6284284140532145,0.07983492593775332,0.4387047279282411,0.347948006205394,3.154131481037079,1.0475192595853875,0.05813305317100547,13.166957247475114,6517229,2521353,89.74661964441371,34.72072389665937
38,North Dakota,ND,2011,666783,37.1,594594,7231,13210,9955,1017,129,8,109,189,47,27,53,6693,35544,348,49415,27305,643465,78888,435706,61910,13492,36891,26395,38862,9578,3546,2490,57654,15187,37627,27360,46631,11452,1838,1273,2012,3.3,89.17353921740656,1.0844607615971014,1.9811542885766433,1.4929894733369027,0.1525233846693752,0.019346624014109536,0.0011997906365339248,0.016347147422774728,0.028345053788113972,0.007048769989636808,0.004049293398301996,0.007948612967037251,1.0037748412901948,5.330669798120228,0.052190892689225735,12.259874274436061,392186,115670,90.01161333559786,26.547717956603766
38,North Dakota,ND,2015,721640,35.4,628158,11872,20569,14964,1412,362,58,87,180,39,328,157,8979,38286,304,57181,32035,696195,79758,468030,68570,15892,39388,30837,42412,10287,4181,3346,59678,14807,39504,31115,51534,13642,2128,2004,2016,2.8,87.04589546034033,1.645141621861316,2.850313175544593,2.0736101103043065,0.19566542874563495,0.05016351643478743,0.008037248489551577,0.012055872734327365,0.02494318496757386,0.005404356742974336,0.04545202594091237,0.0217560002217172,1.244249210132476,5.30541544260296,0.04212626794523585,11.456273026953655,429325,129534,91.73023096810033,27.676430998012947
38,North Dakota,ND,2020,760394,35.2,636284,23959,30325,19558,3507,190,143,10,361,251,134,486,11979,39165,1004,65315,36289,735842,77491,497525,71024,16527,41423,34835,50527,12722,3992,2685,58813,15366,37165,35411,59435,18132,2843,2317,2020,2.2,83.67819840766761,3.1508665244596883,3.9880640825677216,2.5720876282558778,0.46120826834509476,0.024987046189212433,0.01880604002661778,0.0013151076941690756,0.04747538775950363,0.0330092031236438,0.01762244310186561,0.06391423393661706,1.5753675068451354,5.150619284213184,0.1320368124945752,10.530929194038938,463217,152653,93.10426611728055,30.682478267423747
38,North Dakota,ND,2023,779361,35.7,643154,25209,34963,21076,4118,291,268,30,718,250,352,311,12187,34916,1127,75949,42474,752523,79628,509149,71568,18317,41337,35284,53016,15190,4176,3413,59195,15968,35464,36220,62332,20109,2931,3211,2024,1.9,82.52324660843948,3.234572938599699,4.486111057648509,2.704266700540571,0.5283815844005538,0.03733828097633831,0.034387145366524624,0.0038493073171482796,0.09212675512374882,0.03207756097623566,0.045165205854539814,0.039904485854437156,1.5637169424695359,4.480080476184977,0.14460564488087035,10.581470599569714,477731,164378,93.82931126251843,32.284851782091295
31,Nebraska,NE,2011,1813061,36.3,1498016,79828,159550,126508,2870,1594,1872,341,7022,678,8611,438,30637,15858,1263,50695,26113,1758705,211752,1173189,168631,41857,90685,51226,106399,31754,13147,8216,173853,49474,100204,56792,115805,38903,7600,4816,2012,4.4,82.62358519652676,4.402940662228132,8.80003485817631,6.9775920390985195,0.15829583229687252,0.08791761556836754,0.10325080071768131,0.01880797171192806,0.3873008133758324,0.03739532205480125,0.47494265223288135,0.02415803991150877,1.6897942209335481,0.8746534176180503,0.06966119727907666,12.040222777555076,1059362,326640,90.29764172695107,27.84206125355761
31,Nebraska,NE,2015,1869365,36.2,1509631,88195,186268,144416,4243,3651,2051,700,7644,390,12032,424,38066,16319,1280,52997,27882,1815585,231115,1215400,168224,43659,93491,58195,113184,35453,12896,8897,166225,51109,102619,62568,124974,46776,7898,5758,2016,3,80.75635309316264,4.717912232228591,9.964239193522936,7.72540408106496,0.22697547028001486,0.19530696252470758,0.10971640102387709,0.037445870656613346,0.4089089075702177,0.020862699365827436,0.6436410224862453,0.022681498797720082,2.0363064463066336,0.872970233207533,0.06847244920066439,12.729505916825707,1101926,355836,90.66364982721737,29.277274971202893
31,Nebraska,NE,2020,1923826,36.6,1507127,91896,214952,155339,5967,5405,3578,955,7527,417,16990,849,47944,16875,1235,63015,33205,1869467,193820,1259540,167268,43710,92575,67094,125293,43252,13742,9313,156830,50529,98524,67511,144019,56434,9858,7404,2020,3.1,78.34008896854498,4.7767313675976935,11.17315183389766,8.074482827449051,0.3101631852360869,0.2809505641362577,0.1859835556853894,0.04964066396857096,0.3912515996768938,0.021675556937061875,0.883136000864943,0.04413081016682382,2.492117270480802,0.877158329287576,0.06419499476563889,10.367660942931863,1153356,409315,91.56962065515982,32.49718151071026
31,Nebraska,NE,2023,1965926,37.1,1498458,93595,242226,168586,6681,6419,5136,879,10410,1113,19839,1483,49107,19581,933,74985,40637,1916409,197300,1290256,170415,47749,90217,69543,135910,46793,14752,9443,153838,51110,93050,71844,150471,62359,11431,9075,2024,2.3,76.22148544757026,4.7608607851974085,12.321216566645948,8.57539907402415,0.3398398515508722,0.3265127985488772,0.26125093213071093,0.044711754155548074,0.5295214570639994,0.05661454195122299,1.0091427652922846,0.07543518932045255,2.4979068388128547,0.9960191787483355,0.04745855133916536,10.29529708950438,1188000,440234,92.07475105715454,34.11989558661227
33,New Hampshire,NH,2011,1315911,40.7,1216365,14520,36452,8387,11021,1483,649,220,892,150,739,3367,27702,2688,296,64664,32357,1275969,101634,901420,131568,24699,56844,35709,91243,38083,9582,7258,134540,29789,60515,50239,98243,43461,6447,4103,2012,5.5,92.43520268468004,1.1034180883053641,2.7700961539192237,0.6373531340645379,0.8375186467777835,0.1126975912504721,0.0493194448560731,0.01671845588341461,0.06778573930911741,0.011398947193237233,0.05615881317201543,0.2558683679975317,2.105157567647052,0.20426913370281122,0.022493922461321474,7.96524053484058,822323,298420,91.22528898848483,33.10554458521
33,New Hampshire,NH,2015,1324201,42.2,1210369,17439,42141,10002,12729,1730,901,294,1206,178,1417,4578,31364,2238,228,66779,34362,1283292,113840,925145,134896,26082,57843,37560,97130,40200,9278,8348,131547,30381,61910,51121,104918,50634,6831,5407,2016,3.4,91.40372194251476,1.316945086131184,3.1823718604652917,0.7553233987891567,0.9612589025382099,0.13064481902671876,0.06804103002489803,0.022202067510899023,0.09107378713654499,0.013442068084830021,0.10700792402361878,0.34571790838399913,2.368522603441623,0.16900757513398645,0.01721792990641149,8.870935063882577,854086,322746,92.31914997108561,34.885990844678396
33,New Hampshire,NH,2020,1355244,43,1214029,21045,52792,9190,16894,2273,1420,241,1251,300,830,9123,36581,2197,424,77923,41234,1312770,97418,971162,137654,28625,54592,43726,108179,45882,10841,8643,127299,30926,60558,57642,115635,60655,8552,6298,2020,2.6,89.58010513235993,1.5528569025208745,3.895387103724495,0.6781066730419024,1.246565194164298,0.16771887571536934,0.10477818016534292,0.01778277564778003,0.0923081009766507,0.022136235246199207,0.06124358418115114,0.673162913836918,2.699218738470711,0.16211102945299888,0.03128587914796155,7.420797245519017,905707,364685,93.26013579608757,37.55140748917277
33,New Hampshire,NH,2023,1387834,43.2,1214784,21164,62758,10743,20209,1932,2394,337,2234,575,1328,10800,35818,1923,283,95628,50867,1347951,96457,1009222,144515,30271,54365,43372,119946,51460,11235,9504,128043,31504,58145,57172,123555,68785,9502,7851,2024,2.2,87.53092949156743,1.5249662423603976,4.522010557458601,0.7740839322282059,1.4561539780694233,0.1392097325760862,0.17249901645297636,0.0242824430011082,0.16097026013197543,0.041431468028597075,0.09568867746430769,0.7781910516675625,2.5808562119100698,0.1385612400330299,0.02039148774277039,7.155823913480535,949225,401838,94.05512364970244,39.81661121140839
34,New Jersey,NJ,2011,8753064,38.7,5243145,1180649,1512251,207069,438789,86617,35732,6800,55867,9050,46405,190915,714890,20490,2112,71180,35678,8577556,805170,5926262,809442,139358,339058,147919,617379,263750,85919,51633,942318,163368,362182,217842,676870,292709,55902,28300,2012,9.4,59.900681635596406,13.48840817341219,17.276818723135122,2.3656744655357254,5.012976027594451,0.9895620550700874,0.4082227663364509,0.077687081917829,0.6382565008093166,0.1033923663759342,0.5301572112348316,2.1811219476974006,8.167311469446584,0.23408945713181123,0.02412869367800807,9.38693958978525,5193949,2072462,87.64291892596042,34.97081296776957
34,New Jersey,NJ,2015,8904413,39.4,5093430,1202300,1688008,231902,471035,90069,44184,9077,67299,10280,56805,243255,804989,18335,2808,72093,36582,8728868,944847,6091495,826151,143462,351103,157032,661171,281085,87384,55119,915411,164262,370748,228017,726030,334661,60793,35613,2016,5.7,57.20118777060318,13.502293750301114,18.95698234122788,2.6043491019565246,5.289905129063533,1.011509686264552,0.4962033993706267,0.10193821872368229,0.7557937844976418,0.11544837374456914,0.6379421080311526,2.7318476804703464,9.04033763932558,0.20590913741310068,0.03153492543528697,10.824393266114232,5398042,2241856,88.61604581469737,36.80305081100781
34,New Jersey,NJ,2020,8885418,40,4858807,1189681,1815078,215699,465653,93139,46976,12723,73605,9209,61652,305336,857873,22288,3156,85245,44153,8713792,842704,6169501,797490,149796,341927,170247,718302,321948,96771,58362,852363,166728,337803,239324,811848,391081,71456,43294,2020,3.5,54.68293106750859,13.38913937419714,20.427603968659664,2.427561652136118,5.240642589915297,1.048223054897361,0.5286864388372049,0.1431896619832629,0.8283797115678745,0.10364171950042193,0.6938559333955927,3.4363718172853543,9.65484122412699,0.25083794594694364,0.03551886923046277,9.670921683694079,5568740,2513062,90.26240533877862,40.73363469752253
34,New Jersey,NJ,2023,9267014,40.1,4813341,1201053,2032968,235772,474542,94084,59231,17295,85853,11566,79402,367576,918644,41900,2658,101050,53118,9101339,889287,6459220,821904,160915,328735,185415,794710,360372,103573,63128,841079,178692,321321,248737,871924,448108,78963,50908,2024,4.4,51.94058193933883,12.960517810807234,21.93768132863509,2.5442067962776362,5.1207648979487885,1.0152569101546625,0.639159496251975,0.18662969539055407,0.9264364983154229,0.1248082715748568,0.8568239996184316,3.9664988096489338,9.913052899240252,0.45214132621360026,0.028682378164099027,9.770946890342179,5858484,2771686,90.69955815098417,42.910537185604454
35,New Mexico,NM,2011,2037136,36.5,832435,41082,934301,559515,6984,4200,832,276,1883,133,3025,497,27214,188613,1157,44631,23537,1994808,378301,1316741,174374,36325,107856,42889,91223,43533,13139,14820,176793,45659,121183,53516,101686,54548,8380,7700,2012,7.2,40.863005709977145,2.016654754518108,45.86345732440053,27.465765663166327,0.34283425357953523,0.20617180198082014,0.040841652201914845,0.01354843270159675,0.09243369122140102,0.006528773729392638,0.14849278595047163,0.02439699656773038,1.3358950997871522,9.258733830240102,0.05679542259328783,18.96428127418779,1093624,335029,83.05536168464414,25.443804058656944
35,New Mexico,NM,2015,2084117,37,817048,43738,986972,639243,8059,4589,1262,368,2574,395,3053,1080,28761,190528,1276,44963,24012,2043677,429361,1367822,184394,37776,114965,46557,94181,47709,12328,16016,176930,43567,126340,60658,108117,63079,9406,9239,2016,6.6,39.20355718992744,2.0986345776172834,47.35684225021915,30.672126372943552,0.3866865439896129,0.2201891736404434,0.060553222299899664,0.01765735800821163,0.12350554215526288,0.01895287068816194,0.14648889673660354,0.0518205071980124,1.3800088958537358,9.141905180947136,0.06122496961542946,21.009239718409514,1151262,360075,84.1675305704982,26.324697219375036
35,New Mexico,NM,2020,2097021,38.1,769139,43476,1031788,668593,9934,5074,1098,694,2303,879,2554,1811,33695,195166,1853,51243,27945,2053909,381026,1415298,191531,41217,117431,54290,102988,51694,14115,15671,178594,48072,124371,70428,120887,71974,11384,9575,2020,5,36.677696599128,2.073226734496221,49.202559249525876,31.88299020372233,0.4737196241716225,0.24196228840817519,0.05235999067248254,0.03309456605346346,0.10982245766732904,0.04191660455474695,0.12179181801231366,0.0863606039233751,1.606803174598633,9.306821438602665,0.08836344509663946,18.551260060694023,1224222,398288,86.49923902951888,28.141635189196908
35,New Mexico,NM,2023,2114768,39.2,772482,44709,1018321,675404,11416,5683,1339,813,3453,804,3274,2839,36065,201346,2049,62125,34823,2073857,375381,1450999,196694,44576,115300,60010,109061,58263,15537,18627,176636,49658,118161,73590,131673,80626,13237,11204,2024,3.8,36.5279784827461,2.1141326140739785,48.1528470262459,31.93749858140467,0.5398228079865026,0.26872924122173214,0.06331663804256543,0.03844393332980261,0.16328032200222437,0.03801835473205571,0.15481603655814727,0.13424640433371415,1.705388014193519,9.520949815771754,0.09689006075370915,18.100621209659103,1272853,438228,87.72252772055667,30.20181268215898
32,Nevada,NV,2011,2673396,36.1,1466177,214360,698713,545171,20913,19920,4133,733,30614,4689,14810,2680,190079,29344,16391,55553,27625,2634630,340903,1764861,258524,61190,162417,61143,131000,42724,17531,8742,256411,70091,158979,66596,128287,46971,11512,4431,2012,13.3,54.84324058239034,8.018265905986244,26.135783849455898,20.392452147007027,0.7822634581633249,0.7451196904611214,0.15459737352790234,0.02741830989498002,1.1451352511936128,0.1753948909925802,0.5539770389422293,0.10024702662830348,7.110020363612424,1.0976301303660214,0.6131153035315382,12.939312161479979,1486549,391198,84.23037281689606,22.165938280691794
32,Nevada,NV,2015,2798636,37.2,1455277,235721,770553,590272,24374,23880,5690,808,38998,5523,17047,3374,214846,31393,17942,51847,26541,2759180,426337,1884237,268522,65712,177719,69135,142530,47350,17680,10221,263593,74259,172197,78705,142980,54893,11792,6052,2016,6.8,51.99950976118366,8.422710205971766,27.533162583487098,21.091417390471644,0.8709242645345804,0.8532728086110519,0.20331332834995333,0.02887120725953643,1.3934645305784674,0.19734613576042043,0.6091181561303436,0.12055872932385633,7.676811132280154,1.1217250117557267,0.6410980206071815,15.451583441457245,1603340,433498,85.092268117015,23.00655384646411
32,Nevada,NV,2020,3030281,38.2,1460159,282722,875798,656491,28384,34910,6386,2713,41871,5985,22377,4408,252314,37715,21398,62043,32629,2987817,381695,2093820,299153,76322,183776,82096,169425,58256,21644,11802,285545,83257,182612,94063,179080,70468,13945,8377,2020,4.1,48.18559730929244,9.329893828328132,28.901544114225707,21.664360499900834,0.9366788096549462,1.1520383753189887,0.2107395320763982,0.0895296508805619,1.3817530453446396,0.1975064358717888,0.738446368505099,0.14546505753096825,8.326422533091815,1.244604048271431,0.7061391336315015,12.775046128996523,1819821,532997,86.91391810184257,25.455722077351446
32,Nevada,NV,2023,3141000,38.9,1443407,295802,917057,672912,29991,37402,6627,2984,44578,7138,23703,4677,274032,41434,22581,75561,39963,3100449,390414,2196081,312729,83502,177284,88718,190542,67277,22310,13547,289749,88408,174343,102566,199499,81859,16058,10301,2024,5.1,45.95374084686406,9.417446673034066,29.196338745622413,21.42349570200573,0.9548233046800383,1.1907672715695639,0.2109837631327603,0.09500159184972938,1.4192295447309773,0.22725246736708055,0.7546322827125119,0.14890162368672397,8.7243553008596,1.3191340337472144,0.7189111747851004,12.592176165452166,1918692,601393,87.36890852386591,27.384827790960355
36,New York,NY,2011,19302448,37.8,11330687,3013740,3356747,435820,1115555,71778,71574,15249,146973,13356,68801,695158,1415147,67766,6706,56951,31796,18787162,2722107,12999473,1711903,284915,729248,450649,1159340,522325,209329,101564,1900329,317571,765667,620159,1245151,771323,145709,68766,2012,8.3,58.70077722784177,15.61325278534619,17.390265732097816,2.257848330947453,5.779344671722467,0.37185956931473146,0.3708027085476412,0.0790003423399975,0.761421556478225,0.06919329610420398,0.3564366550812622,3.6013981231810597,7.331437960615152,0.35107464089528956,0.03474170737307517,14.489186818104832,11003948,4223507,84.6491853939002,32.48983247243946
36,New York,NY,2015,19673174,38.1,11170518,3070392,3619658,472979,1111700,75349,80910,17442,179681,14957,88163,802741,1570223,74793,6485,59269,33236,19164034,3005943,13435795,1736806,299187,766501,487885,1250857,571912,207025,109907,1852088,318471,792150,656466,1353220,861384,158629,83190,2016,5.2,56.780456473368254,15.606998646990059,18.398952807513417,2.4041824669471232,5.650842106108551,0.38300377966463367,0.41127069785485554,0.08865880004924473,0.9133299995211754,0.0760273863282051,0.44813816011590196,4.08038377538876,7.981543801727165,0.3801775961519987,0.032963669207622524,15.685335352671572,11505678,4596124,85.63451585857034,34.20805393354096
36,New York,NY,2020,19514849,39,10766297,3002401,3720707,464480,1078084,78286,82400,18818,178792,16370,92822,851630,1674216,76535,9376,71117,40898,19009098,2581048,13649157,1714614,319068,719451,526466,1366735,643020,228860,118954,1759775,334361,736509,682231,1488195,982807,185159,99062,2020,3.9,55.16976841583555,15.385212563007789,19.066030180402628,2.380136274690109,5.524429115490466,0.40116118756542773,0.4222425702602157,0.09642913455287304,0.9161843886160738,0.0838848407179579,0.4756480565132735,4.364010195518294,8.57919013362594,0.3921885329473982,0.04804546527621095,13.57796145824489,11905267,5112792,87.22346002760463,37.45866502964249
36,New York,NY,2023,19872319,39.6,10608842,2927008,3898652,493811,1039812,83441,87879,26377,199486,17370,104329,892413,1769224,102927,9671,84578,49520,19391750,2656674,13996138,1713423,342699,701976,549584,1486669,699685,238263,131321,1724015,346177,690931,693293,1597100,1068259,200186,114020,2024,4.2,53.38502265387346,14.729071126525294,19.618505520166014,2.4849188461598266,5.232464313802531,0.4198855704761985,0.4422181427341218,0.13273237008725552,1.003838555530434,0.08740801715189858,0.524996604573427,4.4907340708449786,8.90295692213878,0.5179415648470619,0.04866568416096782,13.700021916536672,12297601,5535503,87.86424512247592,39.55021735281547
39,Ohio,OH,2011,11525536,38.5,9378209,1395378,345370,173163,92771,7496,2582,2317,5868,1557,10992,6198,190485,21194,2162,48071,25618,11213528,1654193,7688501,1307334,243923,497164,232347,581078,220445,78048,46560,1411626,287255,546088,343935,609336,275787,45538,25904,2012,8.8,81.36896192940614,12.106838241622777,2.9965634570053834,1.5024290410441647,0.8049170121025174,0.06503818998092584,0.0224024288328109,0.020103186524253625,0.05091303345892113,0.013509133111032755,0.09537083568174183,0.053776240862030186,1.6527214005491806,0.18388732636816196,0.018758346683399367,14.751762335636029,6752368,1882696,87.82424558441235,24.487165963820516
39,Ohio,OH,2015,11575977,39.2,9291303,1412045,390970,192719,110348,8676,4209,2946,8558,1233,11301,8237,216170,21646,3060,49429,26953,11258461,1775836,7817508,1305754,251308,520066,256858,616700,241088,76713,50646,1363562,286800,557231,386304,662063,312912,47799,32107,2016,5,80.26366154666687,12.198063282261186,3.3774255080154356,1.6648184425383707,0.9532499934994687,0.0749483175372584,0.036359781986436225,0.02544925581659328,0.07392896513184158,0.010651368778635272,0.0976245892679296,0.0711559810459195,1.8674017752454068,0.18699069633604143,0.026434053903182427,15.773345930673829,6967911,2040028,89.13212496872404,26.09563047457067
39,Ohio,OH,2020,11675275,39.5,9141370,1442655,459939,206126,131458,10561,6691,4241,12968,2097,14292,10623,268527,20442,3907,58116,32465,11350378,1546011,8014966,1318001,261883,523724,283379,683669,269504,82277,52785,1311869,288915,553769,419117,754508,376674,57846,38276,2020,4.2,78.2968281261041,12.35649695617448,3.9394275509570442,1.7654916051227914,1.12595206536891,0.09045611345343042,0.05730914261120188,0.036324626186535224,0.11107233020207231,0.017961033037765705,0.12241253418013708,0.09098715019560567,2.299962955904679,0.1750879529604228,0.033463879865784744,13.620788664483245,7276196,2315539,90.78261841659715,28.89019117485963
39,Ohio,OH,2023,11780046,39.6,9011101,1446466,537559,229290,143232,11798,11114,7645,15971,3143,19429,14556,288117,17151,4229,69680,39455,11478861,1519610,8123344,1341349,268642,497746,299828,737338,295946,86664,56870,1283586,290202,519696,427612,808340,418054,64296,46621,2024,3.5,76.49461640472371,12.278950353844118,4.563301365716229,1.9464270343256724,1.2158865933121143,0.1001524102707239,0.09434598133148206,0.06489787900658453,0.13557672015881772,0.02668071075444018,0.16493144424054032,0.1235648825140411,2.4458053898940633,0.14559365897212964,0.03589969003516624,13.238334360874306,7442790,2514129,91.62224325351727,30.949434124665903
40,Oklahoma,OK,2011,3714520,36.3,2567299,270192,318007,262756,11280,2055,3173,1199,2802,465,9000,552,63471,258295,4257,44287,23770,3600116,586046,2411080,376747,79917,192933,72406,179074,58379,22040,13622,397029,98177,206765,91055,193966,70188,11678,6332,2012,5.6,69.1152288855626,7.273941182171587,8.56118690974877,7.073753809375101,0.30367315292420016,0.05532343344496731,0.08542153494933397,0.03227873318759893,0.07543370341255397,0.012518441144481656,0.24229240924803205,0.014860601100545967,1.708726834153538,6.953657538524494,0.11460430957431916,16.278531025111413,2070308,555279,85.86641670952436,23.030301773479106
40,Oklahoma,OK,2015,3849733,36.2,2591292,278571,371459,307212,13806,2755,4359,1728,4455,363,12251,795,74570,279276,4701,46879,25032,3734458,624043,2512392,394681,83932,202029,78517,192902,61841,21056,15141,401460,98807,214918,103618,212486,81382,12613,8808,2016,4.3,67.31095377263826,7.23611221869153,9.64895487557189,7.98008589167093,0.3586222732849265,0.07156340452701525,0.1132286316999127,0.044886229772298496,0.11572231113170706,0.009429225351472427,0.3182298616553408,0.020650782794547053,1.9370174503010988,7.25442517701877,0.12211236467568011,16.71040349094835,2184191,606229,86.93671210543577,24.129554623641532
40,Oklahoma,OK,2020,3949342,36.7,2563119,287856,431467,346321,14836,3017,5388,3122,6186,520,14463,1963,87033,303791,6418,53840,29873,3833712,585520,2611680,414487,88595,196857,93754,208834,71479,23344,15678,398131,105324,211512,121086,239532,96839,16180,11016,2020,3.1,64.89989978077361,7.28870784044532,10.925035107114047,8.769081026662164,0.3756575145935703,0.07639247246756548,0.1364277897432028,0.07905114320309561,0.1566336873332317,0.013166750309292029,0.3662129033140204,0.049704482417577404,2.20373419167041,7.692192775404106,0.16250808362506972,15.272926083127789,2312648,682902,88.55020523188139,26.1479966917846
40,Oklahoma,OK,2023,3995260,36.9,2509923,282536,490797,379722,19468,4122,7538,4977,6854,1230,20237,2704,93550,295365,7706,63603,34859,3872738,593820,2641325,419433,93176,188701,97015,223982,76767,24934,18011,391954,108008,198782,123385,254254,104422,18142,13281,2024,3.2,62.82251968582771,7.071780059370354,12.284482111301893,9.504312610443376,0.48727742374714034,0.10317225912706558,0.18867357819015534,0.12457261855298529,0.17155329064941954,0.03078648198114766,0.5065252324003945,0.0676802010382303,2.3415247067775313,7.392885569399739,0.19287856109489745,15.333337809064284,2354247,733793,89.1312882738777,27.781246154865457
41,Oregon,OR,2011,3801991,38.2,2996677,68155,436806,369248,9021,4491,1916,750,6521,750,9772,781,139258,57114,13447,49850,26561,3727420,550372,2579164,313993,96024,224420,99116,233086,87117,31059,21413,336181,119126,245534,110009,241762,99847,21322,12035,2012,9.6,78.81862424187747,1.7926133965072513,11.488875170930179,9.711964073560406,0.2372704196301359,0.11812232064726087,0.05039464848812109,0.019726506454118383,0.17151539811640795,0.019726506454118383,0.25702322809285977,0.020541868720888607,3.66276511438349,1.502212919494023,0.35368310971803985,14.76549463167553,2292044,747641,88.86771062251178,28.987726255484336
41,Oregon,OR,2015,3939233,39.1,3043010,72837,485646,411776,11137,4659,1664,1254,7038,1242,8874,1116,156695,46258,15042,51243,27684,3862756,636947,2714972,325811,103942,235448,105073,252999,98907,31753,24064,333308,125945,249272,123819,269635,119946,23026,14727,2016,5.5,77.2487943718993,1.8490147701341861,12.328440587291993,10.453202438139607,0.28272001173832567,0.11827175493300346,0.04224172573696453,0.031833608217640336,0.17866422219756992,0.03152898038780646,0.2252722801621534,0.028330388174550733,3.9778048163183035,1.1742895127046304,0.38185098469676715,16.4894443242079,2437675,835057,89.78637717074062,30.757481108460787
41,Oregon,OR,2020,4176346,39.5,3128494,79117,552279,445523,14501,7649,2116,1482,10508,1797,11386,819,187801,45683,16445,65667,35393,4096744,506558,2944830,337989,109724,242898,123550,299979,116675,38185,29830,329352,127858,257072,142558,327381,150257,29276,21461,2020,3.7,74.90983745120735,1.8944072162603385,13.22397617438785,10.667770342782902,0.34721740009089286,0.1831505339835349,0.050666300158080775,0.03548556561166149,0.25160750569995877,0.043028044132358764,0.27263066805288644,0.019610444153812925,4.496777805287206,1.093850940511155,0.3937652675329103,12.364892705036,2684045,1013044,91.14431053745038,34.40076337173962
41,Oregon,OR,2023,4238714,40.1,3065611,81642,605467,478243,15555,8182,3225,2125,8686,2667,14179,1811,188624,46276,16973,80426,44063,4159818,494736,3021010,351709,112963,237107,130234,322991,125424,39622,32749,324473,128595,244953,146443,351910,164123,32976,24517,2024,3.7,72.32408225702417,1.9261030586163634,14.284214504682316,11.282738113493856,0.36697451160894556,0.19303024455058776,0.07608439729597231,0.050133130001222076,0.20492064338381877,0.06292002715918082,0.33451183542933066,0.04272522279162973,4.450028947459065,1.0917462230289658,0.4004280543579963,11.893212635745122,2770789,1094312,91.71730646373233,36.223382246334836
42,Pennsylvania,PA,2011,12660739,39.9,10107947,1358759,690128,119967,368672,18227,5354,3360,7626,2311,10323,58958,341880,18065,2785,51651,27824,12246520,1548869,8611136,1530119,218301,449467,270276,691457,272768,98689,65777,1703677,256472,478204,365871,725475,341550,61821,39023,2012,7.8,79.83694316737751,10.732067061804212,5.450929839087592,0.9475513238208291,2.9119311281908584,0.14396474013088809,0.04228821082244883,0.026538735219168483,0.06023345082779133,0.018253278896279278,0.0815355249010346,0.46567581876539754,2.700316308550393,0.14268519396853532,0.02199713618612626,12.647421471569068,7568947,2296560,87.89719498101064,26.669651948360823
42,Pennsylvania,PA,2015,12779559,40.5,9979754,1403143,815538,141431,422154,19358,11284,3840,10216,3005,17901,81799,392595,23641,4279,53599,29291,12365782,1666569,8814112,1552049,223528,458318,298562,742310,300036,101523,70825,1655940,257510,496332,399835,792912,402208,64034,48189,2016,5.4,78.09153664848685,10.979588575787318,6.3815817118571925,1.106697030781735,3.3033534255759527,0.1514762755115415,0.08829725657982408,0.030047985223903263,0.07994016068942598,0.023514113436934717,0.1400752561179928,0.640076860242204,3.072054364317266,0.18499073403080654,0.03348315853465679,13.477263306113596,7864111,2522037,89.22181837489698,28.613625513267817
42,Pennsylvania,PA,2020,12794885,40.9,9685118,1419582,971813,158266,468114,23256,15105,5434,16338,4164,19695,128851,449320,20798,4268,63627,35518,12387061,1480430,8989998,1514758,235851,455045,332047,847743,340781,109615,79833,1557623,258753,475944,443493,906568,480871,79834,61272,2020,4.3,75.69523289970952,11.094918008250954,7.595324225266581,1.236947420785728,3.65860263691311,0.1817601330531693,0.11805498838012222,0.04247009644869806,0.127691651781161,0.03254425498939616,0.15392869885114246,1.0070508644665428,3.5117158145618346,0.16254933123666215,0.03335707980181143,11.951422536790608,8180031,2906517,90.99035394668608,32.33056336608751
42,Pennsylvania,PA,2023,12986518,40.9,9585453,1393616,1087732,180566,484559,25050,17074,8805,15571,3681,24546,165400,480439,23921,4614,76081,43104,12575248,1480981,9153146,1530010,238751,447101,353468,914239,375560,113531,88092,1509306,262866,455852,457738,968906,536917,88189,71884,2024,3.4,73.8108013248817,10.731252210946767,8.375855637361763,1.3904111941322532,3.7312465127295864,0.19289235189910028,0.13147481103094763,0.06780108417052208,0.1199012699170016,0.028344780332957606,0.1890114039806513,1.273628543078291,3.6995213035549637,0.18419872055003506,0.035529154158181586,11.776952629482935,8412410,3157318,91.90730706141909,34.49434762648821
44,Rhode Island,RI,2011,1053959,39.1,810737,62682,127816,9713,32436,1750,1006,645,3410,526,19857,37543,31476,4606,459,55975,29685,1012044,129454,708587,90750,17614,40226,24045,64473,26129,8969,5628,105462,21887,48355,31911,67022,34204,6208,4201,2012,11,76.92301123667998,5.947290169731461,12.127226960441535,0.9215728505568054,3.077539069356588,0.16604061448310609,0.0954496332400027,0.06119782648091625,0.32354199736422384,0.04990706469606503,1.8840391324520214,3.5620930225938583,2.9864539322687125,0.4370188973195352,0.0435500811701404,12.791341087936889,597084,216834,84.26403532664303,30.600900101187296
44,Rhode Island,RI,2015,1053661,39.7,785245,68243,143788,10432,37189,1593,1133,627,3561,374,24636,43827,34213,5106,373,56852,31118,1013455,144223,720641,95274,18050,42884,25194,66542,28217,8939,7346,101714,20713,51382,35866,70963,36809,6307,4694,2016,6,74.52539289202124,6.476751061299602,13.646514391251078,0.9900717593229701,3.529503322226029,0.15118714653005094,0.10752984119180647,0.059506805319737566,0.3379644876293229,0.035495287383703104,2.3381334224195447,4.159497219694,3.2470595381246907,0.4845960892545136,0.035400380198185186,14.230824259587255,620894,229817,86.15857271512445,31.890636253002537
44,Rhode Island,RI,2020,1057798,40,755708,69196,168007,10956,44611,2099,963,622,4090,670,24118,52691,36536,4344,790,70305,37504,1017028,117785,741370,104386,20803,40554,26754,73858,31432,10151,6777,102972,24313,47546,34140,82123,41819,7486,5998,2020,3.5,71.44161739765059,6.541513597114005,15.882711065817858,1.0357365016761233,4.217345844858849,0.19843108041421897,0.09103817553067788,0.05880139686405155,0.3866522719838759,0.06333912523941244,2.280019436603208,4.981196788044598,3.453967581712199,0.4106644179701606,0.07468344617781467,11.58129373035944,661112,259644,89.1743663757638,35.02218865074119
44,Rhode Island,RI,2023,1095371,40.5,756498,63862,187503,13623,43892,2813,1444,1400,4047,724,28540,60721,38149,4855,670,86372,45919,1053498,114890,776505,104286,21807,43309,28242,82585,34859,11035,8059,101576,25035,46309,34598,90174,47557,8177,7221,2024,3,69.0631758554864,5.830170782319415,17.11776192723744,1.2436882115739782,4.007044188681278,0.25680796734622335,0.1318274812825974,0.12781057742080082,0.36946386201570064,0.06609632718047127,2.6055099139926106,5.54341862254889,3.482746941447236,0.44322882384141993,0.061166490622811806,10.905573622351444,694829,289667,89.48158736904462,37.30394524182073
45,South Carolina,SC,2011,4575864,37.7,2940064,1281627,222550,134451,26670,5347,8463,1177,4258,1153,8439,1978,56575,14939,1920,44587,23854,4433220,753705,3031432,446515,79697,197401,106526,229881,79097,26851,16604,490477,98181,233428,147942,243774,110607,16363,10389,2012,10.4,64.25155992398376,28.008415459900032,4.863562378602161,2.9382647736034113,0.5828407487635122,0.11685224910530559,0.18494867854464206,0.025721918308760923,0.09305346487570434,0.025197427196262827,0.18442418743214395,0.043226809188384965,1.2363785287324973,0.32647386373371234,0.041959288999847896,17.00129928133501,2533733,733566,83.58204967157435,24.198662546281756
45,South Carolina,SC,2015,4777576,38.6,3051116,1315058,254092,143684,34739,6823,7667,1884,5306,1679,9930,4247,66982,14966,2588,45483,24604,4636314,830901,3210007,463319,87052,218715,119565,255648,90332,27273,19807,492339,106734,261707,167706,274701,131052,17817,12910,2016,5.9,63.8632645508936,27.525632245305985,5.318429262035811,3.0074665478895573,0.727126057230696,0.14281300810285383,0.16047887045648254,0.03943422354767355,0.1110605043226942,0.035143344658462784,0.20784598717006283,0.08889445191452737,1.4020080475956846,0.31325509002891844,0.05416972958671929,17.92158598403818,2746677,829540,85.56607508955588,25.842311247296344
45,South Carolina,SC,2020,5091517,39.7,3230111,1346560,296897,152356,37458,10472,16109,3420,5483,1575,14496,4517,83573,16951,3633,54864,30727,4950181,726470,3512626,502028,95292,235246,143472,301324,107341,34120,24047,511994,120882,271123,203949,337070,171145,24836,18423,2020,2.8,63.44103338945936,26.44712764388295,5.83120904830525,2.9923498242272393,0.7356942930761107,0.20567544014878078,0.31638900547714954,0.06717055054515186,0.10768892650265137,0.030933806172109415,0.2847088598545384,0.08871619205042426,1.641416497283619,0.3329263164593185,0.07135397957033238,14.67562499229826,3102292,1018306,88.31831228260566,28.98987822785574
45,South Carolina,SC,2023,5212774,40.1,3243703,1318630,368900,173811,49768,13814,22182,6450,7195,2748,16288,6528,89723,16823,3642,66818,37993,5072217,719720,3610374,511825,104352,227684,150985,334055,126696,37046,26264,507488,128573,259655,207907,367780,194531,28843,20993,2024,3,62.22604317777828,25.296128318626515,7.076846224294398,3.3343283249954823,0.9547315882100393,0.2650028564445725,0.42553158836350863,0.1237345029728893,0.1380263176573548,0.05271665335961237,0.31246319138332107,0.12523082719488704,1.7212140791064412,0.32272644085471575,0.06986683098097098,14.18945601105,3234677,1136208,89.59395896380819,31.470645423438125
46,South Dakota,SD,2011,807697,37.1,686433,9347,21539,14779,1380,110,163,29,594,192,1636,30,7672,69154,197,48010,24925,779002,107337,525090,87011,15090,38966,22731,45145,12636,5083,3286,81600,18749,43493,28191,50506,14903,2343,1669,2012,4.6,84.98644912634316,1.1572408960290803,2.666717840972543,1.829770322286699,0.1708561502642699,0.01361896849932586,0.02018083513991014,0.0035904553316404545,0.07354242989635966,0.023771290471550594,0.20255120422633735,0.0037142641361797802,0.9498611484257091,8.56187406911255,0.024390334494247226,13.778783623148595,471402,135571,89.77546706278923,25.81862156963568
46,South Dakota,SD,2015,843190,36.8,701699,13133,27914,18242,1730,413,196,119,1058,325,2424,249,10152,72619,332,50957,26747,814079,114907,551039,91319,16010,40812,27328,48403,13311,4594,3900,81203,18003,45942,31708,56325,17551,2491,2226,2016,3,83.21955905549164,1.5575374470759853,3.31052313239009,2.163450705060544,0.20517321125724927,0.04898065679147049,0.023245057460358876,0.014113070600932176,0.1254758713931617,0.03854410038069712,0.2874796902240302,0.02953071075321102,1.2039990986610372,8.612412386294904,0.039374281004281364,14.114969186037227,501126,148801,90.94202043775485,27.003714800585804
46,South Dakota,SD,2020,879336,37.2,715328,18836,36088,22056,2797,412,314,69,2106,218,3322,559,12413,74975,544,59896,31415,849910,108863,580244,94558,18215,41723,31616,54483,15383,5934,3738,80782,18915,43369,35905,61917,21839,3920,2777,2020,2.8,81.34865398437002,2.14207083526661,4.104005749793026,2.508256229700592,0.31808091559995266,0.046853534940000184,0.03570876206592247,0.007846829880728186,0.23949889462048637,0.02479143353621369,0.37778505599679757,0.06357069425111675,1.411633323325782,8.526319859530373,0.06186486166834975,12.808767987198644,535074,169991,92.21534388981188,29.29646838226677
46,South Dakota,SD,2023,899194,37.7,721732,20149,41281,22841,3553,1284,650,77,2661,398,4343,307,12554,69514,606,72421,38880,869964,104511,596137,96303,18803,40896,34115,59654,16284,6304,4226,79410,18286,42507,38763,68618,22771,4254,3300,2024,2,80.26432560715484,2.2407845248077725,4.590889174082567,2.5401637466442173,0.39513164011325697,0.14279454711664,0.07228695921013707,0.008563224398739315,0.2959316899356535,0.04426186117789932,0.4829880982301928,0.03414168688848013,1.3961392091139397,7.73070105005149,0.06739368812514318,12.013255720926383,554494,185411,93.01452518464716,31.102078884551705
47,Tennessee,TN,2011,6297991,37.8,4779890,1048714,277011,183406,20075,7614,9820,2454,11650,1001,13977,1779,90471,15285,3097,43989,24197,6139176,1036199,4205976,674666,117329,285017,101903,301034,100060,39428,27427,724895,147865,325689,152556,325464,134366,25091,15808,2012,9.1,75.89547206402804,16.651563966985663,4.398402601718548,2.9121349966997414,0.3187524402622995,0.12089569515104101,0.15592273790165784,0.038964806396198405,0.18497962286703806,0.015893957295270825,0.2219279132027975,0.028247102925361436,1.4365057047556913,0.2426964408173972,0.04917441133212162,16.878470335432638,3498598,968678,83.18159685171766,23.030992093155074
47,Tennessee,TN,2015,6499615,38.4,4856869,1091070,320090,205957,26105,11257,10970,1934,11552,1362,18241,2610,102027,17802,3323,45219,25227,6339352,1117594,4380036,706075,125147,299740,116499,330233,114641,41091,30834,739391,151355,342431,170984,366279,160009,28444,20745,2016,5.6,74.72548758657244,16.786686596052228,4.924753235383942,3.16875691867903,0.4016391740126146,0.17319487385022037,0.16877922769271717,0.029755608601432545,0.1777336042211731,0.02095508733978859,0.2806473921916913,0.04015622463792086,1.5697391307023572,0.2738931459786464,0.051126105161613415,17.62946749131457,3743898,1092276,85.47642074174733,24.937603252576007
47,Tennessee,TN,2020,6772268,38.8,4969371,1128806,377162,227090,33547,12039,16994,3815,14904,1239,23430,3931,122897,17178,3959,54833,30869,6603468,965213,4649847,739105,138239,313378,141020,388661,137415,46634,33009,740543,163701,349014,208142,438286,201600,37223,26144,2020,3.3,73.37823901830228,16.66806452432184,5.5692125592194515,3.353234101190325,0.49535842350007414,0.17776910187251893,0.2509351372391051,0.056332679096574446,0.2200739840774169,0.01829520036714436,0.3459697696547154,0.058045546927558096,1.814709636417224,0.253652100005493,0.05845899778331277,14.61675895150851,4102114,1308972,88.22040811235294,28.15086173803138
47,Tennessee,TN,2023,6986082,38.9,4994428,1108897,496457,266199,40114,18101,33516,9982,18616,3026,40568,5425,129226,17288,5037,67097,37866,6825291,940092,4805533,767982,146166,307458,153338,427546,155706,49898,38013,740310,168824,339490,221967,486013,230307,41007,32011,2024,3.3,71.4911161935975,15.872945665395854,7.1063723557782454,3.810419058923156,0.57419881415649,0.2591008808656984,0.4797538878014887,0.14288409440370153,0.26647268096767257,0.043314693414706555,0.5806974495861915,0.07765439913244648,1.8497635727722634,0.24746345662704788,0.0721004992497941,13.7736544859406,4306036,1460501,89.60579398788855,30.392070973188613
48,Texas,TX,2011,24774187,33.5,11349192,2917108,9216240,8026675,126065,42989,91951,21004,244280,17935,65859,12505,939558,125101,19966,50920,25548,24173125,4120101,15443904,1907437,435086,1184739,454418,1310504,459658,145048,98507,2055521,538750,1290851,529733,1383385,486127,89196,51967,2012,8,45.81055273377891,11.774788008179643,37.20097858307116,32.39934775659843,0.508856254294036,0.1735233531578655,0.37115647831349624,0.08478179324310421,0.9860263022960148,0.07239389934369996,0.2658371796418587,0.050475924800276996,3.7924877211914154,0.5049651074321833,0.08059194838563219,17.04413889391628,12420927,4024392,80.42608267961262,26.058126235438916
48,Texas,TX,2015,26538614,34.1,11635757,3152917,10196367,8886716,163417,60461,115730,29111,280295,25015,84137,16779,1124011,126493,21655,53207,26999,25923852,4472451,16765143,2080807,482765,1308530,511092,1461033,536563,154708,111177,2139510,568996,1414367,607963,1593349,598004,101638,66744,2016,4.5,43.84462956505566,11.880488559048336,38.42087231835091,33.485983857333316,0.6157706653406994,0.22782274914582953,0.43608155271409427,0.10969299301010972,1.0561779903049948,0.09425887877942683,0.31703614966478655,0.06322485416909865,4.235379436167993,0.47663755160687743,0.08159808194956979,17.25226251098795,13737246,4623216,81.93933090818253,27.576358877463797
48,Texas,TX,2020,28635442,34.8,11850477,3464424,11294257,9530419,217113,99954,166194,59213,335407,25835,107809,26138,1415664,137921,25328,63826,32177,28013446,3984260,18449851,2292848,543952,1364622,622338,1739411,666803,181368,127438,2266186,623593,1442132,747268,1931674,787914,136588,90982,2020,3.5,41.38395000154005,12.098377947160726,39.44153193095465,33.28189940284491,0.7581967828539193,0.3490569483788656,0.5803786789811032,0.20678221066048152,1.1713002369581025,0.09022036398111123,0.3764879899531497,0.091278493274174,4.943747681631735,0.481644390193104,0.08844983080757056,14.222670070651072,15565117,5662178,84.3644590950897,30.68955949833958
48,Texas,TX,2023,29640343,35.5,11832668,3626137,11697134,9543153,249182,125282,215924,99839,368408,35855,133704,34417,1581798,190706,29841,76292,39446,29016925,4005417,19294631,2393609,589926,1334976,684399,1946196,773116,197200,146658,2298099,661605,1379987,810336,2132734,918897,156963,110207,2024,3.9,39.920820079578704,12.233788927476311,39.46355816462718,32.19649988530834,0.8406852781696892,0.4226739211486183,0.728480098897641,0.33683483352402505,1.2429275869041057,0.12096688624689668,0.4510878973296632,0.1161153904325601,5.336638648209975,0.6434001118003256,0.10067697259778674,13.80372661817198,16534908,6381971,85.69693817933081,33.07640866518774
49,Utah,UT,2011,2715379,29.1,2192184,29056,344014,258745,6595,2075,2083,2287,9404,571,6791,1541,54866,30842,25137,57783,23650,2670588,304125,1542258,177757,54262,144355,62993,157340,60631,18561,14003,199029,69299,154068,78587,152060,42187,6614,4887,2012,7.1,80.73215562173826,1.0700532043593178,12.669097021078827,9.52887239681827,0.24287585637216758,0.07641658862354021,0.07671120679654662,0.08422397020821035,0.3463236623690468,0.021028372098333234,0.25009400161082485,0.05675082557536167,2.0205650850212806,1.135826711483001,0.9257271268577977,11.387941531977228,1396633,456283,90.55767582337066,29.58538714015424
49,Utah,UT,2015,2903379,30.1,2308090,31909,389856,287428,7594,2420,2697,2935,12364,1394,7998,2248,64102,31824,26147,60727,24686,2855909,351601,1674198,186573,60005,158605,69610,172422,70643,20265,16571,201553,73800,165517,90665,175038,52246,7406,6446,2016,3.5,79.49668300280466,1.0990297856394222,13.42766480022071,9.89977539962919,0.261557309603741,0.08335115739281712,0.09289176507786273,0.10108911030905714,0.4258486404978475,0.04801302206842441,0.27547213092055844,0.07742702554506319,2.207841277353043,1.096102162342567,0.900571368739665,12.311351657213168,1527365,521037,91.22965145102312,31.12158776918859
49,Utah,UT,2020,3151239,31.1,2455192,38059,446067,314819,12716,3399,4101,7619,14216,968,9310,2262,73190,33222,29450,74197,30986,3102049,283360,1868472,205417,68816,162443,82267,210367,88193,23231,19441,219763,80627,165081,104278,219569,68168,10861,8240,2020,2.5,77.91195780453339,1.2077471750000557,14.155289395694837,9.990324440640649,0.4035238203132165,0.10786233605258122,0.1301392880705018,0.24177791655916928,0.45112414513783305,0.03071807628681925,0.2954393494114537,0.07178128983552184,2.3225785159424595,1.0542519942156086,0.9345530440566394,9.134607480410528,1736762,648070,92.95092460577413,34.684490856700016
49,Utah,UT,2023,3331187,31.7,2521945,37772,513013,353485,13562,3433,4345,13207,15433,1558,12055,3828,78887,33869,31483,91750,39240,3278204,280516,2003084,225786,70993,159360,88699,238751,102620,25001,20747,224000,85378,166108,108603,247488,82069,12788,10091,2024,2.6,75.70709780027359,1.1338901118430156,15.400306257199011,10.611382669300763,0.407122145949777,0.10305635798890905,0.13043398644387122,0.3964652839963652,0.46328831134367415,0.046770115277227006,0.3618830164743078,0.11491399312017007,2.3681348420247796,1.0167246690143783,0.9450985489556726,8.557002553837407,1868482,739555,93.2802618362485,36.92081809849213
51,Virginia,VA,2011,7926192,37.3,5169156,1545568,604882,155858,73427,14853,29138,5649,124081,8645,30939,9990,430227,25665,5295,63302,33040,7681393,818422,5279997,654182,140086,341546,144773,494445,267210,75770,51573,699379,175180,393891,209252,569961,274601,51843,28441,2012,6.6,65.21613405277087,19.499502409227535,7.631432597141225,1.96636669916651,0.9263843217524884,0.18739137280550358,0.36761663103795617,0.07127003736472698,1.5654553914414386,0.10906876845779158,0.3903387654500421,0.12603782497320276,5.427915447922533,0.3237998776713963,0.06680383215546634,10.654603924053879,4572133,1813844,86.59347723114237,34.35312557942741
51,Virginia,VA,2015,8256630,37.6,5237848,1589345,709156,171730,91027,18947,38571,6944,153060,7774,38142,12637,492973,22570,5304,65015,34152,8008050,921822,5566373,685016,152203,365296,165687,543327,300772,78967,57897,696735,181648,410714,237923,624030,324014,56254,36956,2016,4.4,63.43808551430789,19.249318426525107,8.588927928222532,2.0799042708708035,1.102471589498379,0.2294761906492116,0.4671518525112546,0.08410210945627937,1.8537829598758815,0.09415463694025286,0.46195602806471886,0.1530527588132204,5.970632085972122,0.27335607869070067,0.06423928406625948,11.511191863187667,4917439,2022217,88.34188797624594,36.32916802377419
51,Virginia,VA,2020,8509358,38.4,5209336,1620649,810770,184600,106085,21461,47322,8283,167997,9664,50977,16615,570398,22553,5994,76398,41255,8255575,826708,5831949,707708,165508,357770,191101,608206,341894,83914,64968,685115,193122,395402,268132,695873,396174,65797,47664,2020,2.8,61.218907466344696,19.045490858417285,9.527980841797936,2.1693763501312318,1.2466862952528264,0.25220469041260224,0.556117159484887,0.09733989332685263,1.9742617480660702,0.11356908476526666,0.5990698710760552,0.19525562327968807,6.703184893619471,0.2650376209345053,0.07044009665594043,10.013936037162766,5268348,2304490,90.3359751602766,39.51492031223181
51,Virginia,VA,2023,8657499,38.8,5109807,1623031,929140,210118,118589,23928,56497,11927,184195,11812,63143,17819,593606,27216,5679,90974,49217,8413302,834866,5958915,734310,171039,345414,197715,650822,367011,88852,69526,689392,191229,376400,265600,739294,431437,71740,52948,2024,2.9,59.02174519454175,18.747111608098365,10.732198756245886,2.427005766907972,1.3697835829955047,0.2763846695217637,0.6525787643752543,0.13776495960322951,2.1275774909127914,0.13643663141052628,0.7293445832335643,0.20582156578938096,6.856552914415584,0.3143633051531395,0.06559631135966634,9.923166908783259,5442729,2471630,91.33758410717388,41.477852931280275
50,Vermont,VT,2011,624958,41.4,590071,5464,9451,2811,2424,601,117,172,33,42,250,322,7544,1802,155,53422,28376,600321,67761,429206,71059,10147,22969,15102,39843,16821,5561,4149,64845,13084,27018,21119,48263,23849,4122,2662,2012,5.6,94.41770486976725,0.8742987528761933,1.5122616239811315,0.4497902259031807,0.3878660645995411,0.09616646238627236,0.018721258068542204,0.027521849468284267,0.005280354839845238,0.006720451614348485,0.040002688180645736,0.051523462376671714,1.207121118539166,0.28833937640609447,0.024801666672000358,11.287461208253584,390613,145270,91.0082804061453,33.84621836600606
50,Vermont,VT,2015,626604,42.4,586547,6949,10691,3101,2963,444,108,98,117,128,250,226,8774,2018,249,55176,29894,601732,69233,436657,70077,10180,24360,15333,41888,18002,5964,4481,61193,12674,28789,21248,52817,26182,4358,3326,2016,3.5,93.60728626054095,1.1089938781112152,1.7061812564235148,0.49488991452336717,0.4728664355797282,0.0708581496447517,0.01723576612980447,0.01563986185852628,0.01867207997395484,0.02042757467236085,0.039897606781954795,0.036067436530887134,1.4002464076194854,0.32205348194393907,0.039738016354826974,11.505620442323162,400872,157018,91.8047804111694,35.9591166522007
50,Vermont,VT,2020,624340,42.8,576601,7964,12518,3739,2458,815,73,263,275,134,175,519,10126,1873,205,63477,35854,599938,64700,442089,67606,10930,24044,16805,47000,19129,6379,4943,57286,12676,26369,22288,56940,31817,5286,3834,2020,2.1,92.35368549187942,1.275587019893007,2.0049972771246436,0.598872409264183,0.3936957427042957,0.13053784796745363,0.011692347118557198,0.04212448345452798,0.04404651311785245,0.021462664573789925,0.028029599256815196,0.08312778293878335,1.6218726975686326,0.29999679661722783,0.03283467341512637,10.784447726265048,413332,175328,93.49520119252006,39.658982693530035
50,Vermont,VT,2023,645254,43,584421,7887,16058,4083,3210,975,77,373,240,184,390,729,10700,1273,120,78024,44365,622390,63902,462996,69376,11447,24580,17959,53684,22291,6754,5403,56803,12738,25815,21583,60533,38175,5824,4705,2024,2,90.57223976914517,1.2223093541458092,2.4886323835264874,0.6327740703660883,0.49747851233777707,0.15110328645773602,0.01193328518691864,0.057806693178190295,0.0371946551280581,0.02851590226484454,0.0604413145830944,0.11297876495147648,1.6582617077925903,0.19728664990840816,0.01859732756402905,10.267195809701313,437670,197369,94.52997434103102,42.62866201867835
53,Washington,WA,2011,6652845,37.1,4861907,233549,725373,592406,26346,6650,3971,1548,12464,2003,9878,1771,470798,94243,37084,58890,30481,6519490,816509,4436636,520327,159922,363304,192373,444899,171423,53377,37680,538259,195275,395697,225736,446571,181139,35874,20849,2012,8.5,73.08011835538029,3.510513171432673,10.903200059523407,8.90455136110942,0.3960110298676731,0.09995723634024241,0.05968874970031618,0.0232682408804053,0.1873484201119972,0.030107420208948202,0.14847783166449843,0.026620190309559293,7.076641647295255,1.416581928483228,0.5574156620212856,12.524123819501218,3982705,1391812,89.76857691277806,31.370885508750323
53,Washington,WA,2015,6985464,37.4,4943228,253224,835488,674493,30950,7563,6257,2003,18256,3525,15018,2844,535501,93266,44159,61062,31762,6850693,908512,4721438,549014,167188,384257,210571,487878,192527,56234,41835,548825,193687,414331,249844,498775,208961,40579,25341,2016,5.4,70.7644903760151,3.6250133133604296,11.960379439361509,9.655664963701767,0.44306290892058137,0.10826768271942995,0.0895717163527004,0.028673828968268963,0.2613426967771933,0.050461930660583174,0.21498929777606754,0.04071311512019817,7.66593314345332,1.335143950351759,0.6321555733448774,13.261607256375378,4269847,1552130,90.43530805657089,32.87409471436457
53,Washington,WA,2020,7512465,37.8,5067909,290245,971522,760663,38204,10779,7619,3748,22178,3870,18487,4028,662902,91766,51117,77006,40837,7372433,751044,5199771,584928,187725,395020,239461,579345,243169,65499,48801,548761,209593,409169,286473,604604,278465,53245,34110,2020,4.2,67.46000147754432,3.8635121760966604,12.932133460854725,10.125345009926836,0.5085414707422931,0.14348153369100555,0.10141810976823187,0.049890415462834105,0.2952160176453401,0.05151438309529562,0.24608434115832822,0.0536175542914343,8.824027799131178,1.2215165062333069,0.6804291267912729,10.18719329154975,4768368,1907238,91.70342309305545,36.67926914473733
53,Washington,WA,2023,7740984,38.2,4975929,306214,1089609,828306,43372,12656,12256,4983,27739,4080,23442,4712,727603,90212,54406,94952,51493,7606327,753455,5409147,620736,190713,381756,251147,627142,276538,68078,55129,555667,208840,390389,291204,652554,317954,58418,41341,2024,4.1,64.28031630087338,3.955750328382025,14.075846171494478,10.700267562883479,0.5602905263723579,0.16349342667547176,0.1583261249474227,0.06437166127717096,0.35833945658588107,0.05270647762610025,0.3028297177723142,0.06087081435641774,9.39936059808417,1.165381558726901,0.7028305445405907,9.905635137695237,4987606,2097154,92.20688585464585,38.77051224527638
55,Wisconsin,WI,2011,5664893,38.3,4737418,352620,324238,241441,42618,3287,2640,809,1881,2479,2669,1616,125630,48741,1503,52374,27192,5512715,661655,3771680,629152,120161,258927,156634,307535,108084,36970,22733,639984,138686,273997,187707,343468,129157,21088,12934,2012,7.6,83.62766957822504,6.224654199117265,5.723638557692087,4.262057553425987,0.7523178284214724,0.058024043878675206,0.046602821977396576,0.014280940522618874,0.033204510658895056,0.043760755940138674,0.04711474691578464,0.02852657587707305,2.217694138265277,0.8604046007576842,0.026531833875767824,12.002343672763784,3387217,981969,89.80658486403937,26.035321130106475
55,Wisconsin,WI,2015,5742117,39,4729911,360792,364558,266834,52658,3927,3340,1324,1993,1912,4050,2163,143732,50449,1233,53357,28340,5589889,724348,3873119,627785,122636,272597,178329,332702,114315,37670,24719,611738,138526,284231,212153,381156,147250,23216,16668,2016,4.4,82.37225051318181,6.2832575511784245,6.348843118313333,4.646962087327722,0.9170485380217783,0.06838941108305525,0.05816670053919138,0.023057698058050715,0.03470845334569114,0.033297823781716744,0.07053147819872009,0.03766903391205717,2.5031186233230707,0.8785784058388221,0.02147291669605478,12.958182174994889,3525691,1077696,91.02976180179333,27.82501647896695
55,Wisconsin,WI,2020,5806975,39.6,4681072,367889,408267,289231,61167,6167,3689,2008,2769,2399,3835,3424,163396,48674,2672,63293,34450,5659485,620947,3982118,622627,131818,270328,201002,373205,126807,40581,27816,582694,138092,276860,236943,433313,174530,28726,21569,2020,3.2,80.6111960185811,6.335295054654101,7.030631266709432,4.9807515961408475,1.0533367200650943,0.10619987170600872,0.06352705151993938,0.0345791053000917,0.047684035147387414,0.041312387258426286,0.06604126933558349,0.05896357397784561,2.813788590445111,0.8381988901278205,0.046013630160281385,10.971793369891431,3686911,1226547,92.58668376979286,30.80137253592184
55,Wisconsin,WI,2023,5892023,40.1,4664403,361890,457687,315251,66610,6581,3729,3232,3004,5497,5795,4555,169891,43336,2229,75670,42019,5757334,609003,4069583,634249,133686,268833,213346,410255,135111,40884,30423,573158,136339,264994,242419,469652,193013,28927,24863,2024,3,79.16471133938208,6.142033050448037,7.767909256294485,5.350471306714179,1.1305115407730078,0.11169338612561425,0.06328895864798897,0.05485382524813634,0.050984186585829684,0.09329563038026159,0.09835331600029394,0.07730791274915255,2.8834069384997307,0.7355028994286003,0.0378308095538663,10.577864685286627,3800152,1333128,93.37939538277018,32.75834403672317
54,West Virginia,WV,2011,1846372,41.1,1720600,58296,22007,9569,3565,776,180,236,856,162,270,248,11809,3052,456,39550,22010,1794220,313363,1287738,260588,32845,74741,29569,67399,24140,10837,6139,267687,42139,81470,47799,72461,37113,5454,3297,2012,7.8,93.18815493302542,3.1573269092035625,1.1919049898936942,0.5182595923248403,0.19308135088703685,0.04202836698130171,0.009748848011126686,0.012781822947921653,0.046361188319580235,0.008773963210014018,0.014623272016690027,0.013431746148663434,0.6395785897966391,0.16529713405532578,0.024697081628187602,17.465138054419192,1063678,226840,82.600497927373425,17.61538449591454
54,West Virginia,WV,2015,1851420,41.8,1713434,61367,25408,11028,4481,1044,537,123,832,200,525,448,13485,2953,625,41751,23450,1797793,323384,1298118,266458,33897,78134,31779,72974,28459,10603,6480,262097,41662,86285,53779,79403,40702,6073,3979,2016,6.6,92.54701796458934,3.314590962612481,1.3723520324939775,0.5956509057912305,0.24203044149895755,0.056389149949768284,0.02900476391094403,0.006643549275691092,0.04493847965345518,0.01080251914746519,0.028356612762096122,0.024197642890322023,0.7283598535178404,0.1594991952123235,0.03375787233582872,17.987832859511634,1102764,248673,84.95098288445271,19.156424916687083
54,West Virginia,WV,2020,1807426,42.7,1654681,64285,28679,11650,6122,1148,320,95,1253,145,558,548,14228,3146,474,48037,27346,1755591,300152,1283869,263609,36367,77432,37583,76845,30577,9932,7441,249534,43037,83694,60157,86753,50025,6454,5398,2020,5,91.54903160627323,3.556715461656521,1.586731628293496,0.644563041585105,0.33871372880549466,0.0635157400634936,0.01770473590620031,0.005256093472153217,0.06932510653271559,0.008022458457497014,0.03087263323643679,0.03031936023936803,0.7871968202294313,0.1740596848778318,0.026225140061059207,17.096920638121293,1124838,273425,87.61314433170362,21.296954751614066
54,West Virginia,WV,2023,1784462,42.7,1609499,58519,36125,13104,6198,1451,628,350,2279,243,1153,918,13434,1532,513,57917,32949,1728580,287660,1269202,264362,36362,71396,41345,80449,33265,10830,8384,236756,41098,74894,62894,95437,53605,7591,5980,2024,3.9,90.19519608711197,3.2793637522121513,2.024419685036723,0.7343389772379574,0.34733157668809983,0.08131302319690753,0.0351926799225761,0.019613754733919804,0.1277135629674378,0.013617549715264321,0.06461331202345581,0.05144407670210966,0.7528319459870818,0.08585220643532897,0.028748160510002452,16.64140508394173,1124648,295541,88.61063881084334,23.28557629124442
56,Wyoming,WY,2011,554697,36.9,478758,4309,46391,33193,766,251,135,187,405,183,517,42,3985,12752,204,56380,28952,541296,54900,364833,59314,14326,34269,15866,28590,10202,2999,2336,51832,17390,33235,20617,29949,11079,1823,1350,2012,6.2,86.30982320077447,0.7768204983982246,8.363304651007669,5.9839876545212976,0.1380934095551265,0.045249929240648495,0.0243376113445719,0.03371209867729589,0.07301283403371571,0.032990984267086354,0.09320403751958276,0.0075717013072001465,0.718410231171252,2.2989127397480065,0.03677683492068643,10.142325086459165,335177,88328,91.87134935710311,24.210529201031704
56,Wyoming,WY,2015,579679,36.8,489665,6142,55698,41808,1304,335,123,191,582,96,881,50,5319,12658,423,58840,29803,565647,64995,384272,61874,15115,34743,17812,32257,10277,2998,2948,50998,17277,36344,21743,33530,13224,1934,1632,2016,4.2,84.47175074480876,1.0595519244271399,9.608421212429638,7.212267479070313,0.22495208555079624,0.057790604800242895,0.021218639971432467,0.03294927019954147,0.10040039401116825,0.01656088973380095,0.1519806651612358,0.008625463403021328,0.9175767968134088,2.183622315108879,0.07297142038956043,11.490381810563832,354706,98800,92.30597077070408,25.71095474039222
56,Wyoming,WY,2020,581348,38,485816,5079,58854,45354,1302,191,35,379,298,35,684,106,4892,13117,589,65304,34415,566858,61006,392819,62185,15304,33896,20123,32716,14172,3815,2981,49998,16959,33633,24821,36680,16494,2108,1733,2020,3.7,83.56715770932385,0.8736591508012412,10.123712475143975,7.801523356062118,0.22396223948478364,0.03285467568478777,0.006020490308730743,0.0651933093431129,0.05126017462862175,0.006020490308730743,0.11765758203348081,0.01823348493501311,0.8414925311517369,2.2563077537034615,0.10131625119549736,10.762130904035931,367618,110699,93.58457712076044,28.18066335895158
56,Wyoming,WY,2023,579761,38.8,476179,4982,60581,44170,1631,383,21,561,316,92,877,41,4792,11927,499,74815,41006,565918,60704,395504,61690,15712,32572,20888,34639,14975,4173,3235,48195,17485,31319,25805,39716,17317,2369,1912,2024,2.9,82.1336723235954,0.85931961618667,10.449305834645656,7.618656653345085,0.2813228209555317,0.06606170473695196,0.0036221822440626397,0.09676401137710194,0.05450521852970448,0.01586860792636966,0.15126922990680644,0.0070718796193603925,0.8265474911213414,2.0572270297588147,0.08606994951367891,10.72664237575055,372002,118336,94.05770864517173,29.920304219426352
