GEOID,NAME,state_po.x,acs_year,population,median_age,white_nonhispanic,black_nonhispanic,hispanic,hispanic_mexican,hispanic_puerto_rican,hispanic_cuban,hispanic_honduran,hispanic_venezuelan,hispanic_salvadoran,hispanic_nicaraguan,hispanic_guatemalan,hispanic_dominican,asian,native_american,native_hawaiian_pacific,median_household_income,per_capita_income,poverty_universe,below_poverty,education_25plus,male_hs,male_some_college_less_1yr,male_some_college_1plus,male_associates,male_bachelors,male_masters,male_professional,male_doctorate,female_hs,female_some_college_less_1yr,female_some_college_1plus,female_associates,female_bachelors,female_masters,female_professional,female_doctorate,election_year,unemployment_rate,white_nonhispanic_pct,black_pct,hispanic_pct,hispanic_mexican_pct,hispanic_puerto_rican_pct,hispanic_cuban_pct,hispanic_honduran_pct,hispanic_venezuelan_pct,hispanic_salvadoran_pct,hispanic_nicaraguan_pct,hispanic_guatemalan_pct,hispanic_dominican_pct,asian_pct,native_american_pct,native_hawaiian_pacific_pct,poverty_pct,hs_or_higher,bachelors_or_higher,hs_or_higher_pct,bachelors_or_higher_pct,state,state_po.y,dem_votes,rep_votes,two_party_votes,dem_share,rep_share,dem_margin,winner_party,dem_pct,rep_pct,previous_dem_pct,previous_rep_pct,dem_shift,rep_shift,margin_shift
2,Alaska,AK,2011,700703,33.8,451256,23426,39212,22373,4973,875,371,171,1006,213,296,1824,35912,97628,6848,69014,31944,684608,65111,438805,67463,16722,47688,17003,35924,13711,4573,3318,52086,17382,45083,18074,41596,15443,2922,1915,2012,7.8,64.40046639,3.343213887,5.596094208,3.192936237,0.709715814,0.12487459,0.052946826,0.024404063,0.1435701,0.030398043,0.04224329,0.260310003,5.125138611,13.93286457,0.977304222,9.510698093,400903,119402,91.36245029,27.21072002,ALASKA,AK,122640,164676,287316,0.426847095,0.573152905,-14.63058096,Republican,42.68470952,57.31529048,38.93521508,61.06478492,3.749494435,-3.749494435,7.49898887
2,Alaska,AK,2015,733375,33.4,457470,25022,47808,25774,6772,899,671,81,969,266,565,2112,42921,101313,8841,72515,33413,716218,72957,464440,74450,17835,50723,17947,38722,14996,4541,2848,54874,17018,45407,19772,44479,18451,3730,2154,2016,6.3,62.37872848,3.411897051,6.518902335,3.51443668,0.923402079,0.122583944,0.091494801,0.011044827,0.132128856,0.036270666,0.077041077,0.287983637,5.852531106,13.81462417,1.205522413,10.18642369,427947,129921,92.14258031,27.97368874,ALASKA,AK,116454,163387,279841,0.416143453,0.583856547,-16.77130942,Republican,41.61434529,58.38565471,42.68470952,57.31529048,-1.07036423,1.07036423,-2.140728459
2,Alaska,AK,2020,736990,34.6,439979,23894,53059,28634,7507,1537,326,254,1107,297,281,2288,47289,107298,10485,77790,37094,719445,74369,483436,78947,19691,46874,20857,40942,16640,4935,3537,58539,17532,41548,21305,49219,22516,4657,2521,2020,5.6,59.69945318,3.242106406,7.199419259,3.885263029,1.018602695,0.208550998,0.044233979,0.034464511,0.150205566,0.040299054,0.038128061,0.310451974,6.416504973,14.55894924,1.422678734,10.33699588,450260,144967,93.1374577,29.9868028,ALASKA,AK,153778,189951,343729,0.447381513,0.552618487,-10.52369745,Republican,44.73815128,55.26184872,41.61434529,58.38565471,3.123805987,-3.123805987,6.247611974
2,Alaska,AK,2023,733971,35.6,428104,22774,52473,26443,7050,2372,481,204,973,289,741,2262,47099,101226,11379,89336,44928,716703,72978,487903,82601,18655,43448,23153,43413,17824,4701,3644,58605,16701,39043,21411,52380,23180,4593,2697,2024,4.2,58.32710012,3.102847388,7.149192543,3.602730898,0.960528413,0.323173531,0.065533924,0.027794014,0.132566546,0.039374853,0.100957667,0.308186563,6.417011026,13.79155307,1.550333733,10.18246052,456049,152432,93.47124326,31.24227562,ALASKA,AK,140026,184458,324484,0.431534375,0.568465625,-13.69312508,Republican,43.15343746,56.84656254,44.73815128,55.26184872,-1.584713819,1.584713819,-3.169427637
1,Alabama,AL,2011,4747424,37.7,3195148,1244112,173990,121153,11770,3475,2830,566,2193,877,12250,970,52668,26399,1256,42934,23483,4631432,813385,3138078,471910,82352,227286,89907,210681,74184,27399,17689,514494,104639,260283,130098,227530,105406,16052,10498,2012,9.6,67.30277304,26.20604353,3.66493492,2.551973449,0.247923927,0.073197591,0.059611276,0.011922255,0.046193473,0.018473176,0.258034673,0.020432133,1.109401646,0.556069987,0.026456453,17.56227879,2570408,689439,81.91026482,21.97010399,ALABAMA,AL,795696,1255925,2051621,0.387837715,0.612162285,-22.43245707,Republican,38.78377147,61.21622853,39.10909725,60.89090275,-0.32532578,0.32532578,-0.65065156
1,Alabama,AL,2015,4830620,38.4,3204989,1276544,193492,128381,14524,5155,3156,1147,2913,1546,16976,1275,59599,23850,2439,43623,24091,4711439,887260,3239351,490120,85160,239560,100716,226204,82686,29363,19299,515175,109296,277164,150619,252608,119311,19146,13033,2016,6.1,66.34736328,26.42609023,4.005531381,2.657650571,0.300665339,0.10671508,0.065333228,0.023744364,0.060302818,0.032004173,0.351424869,0.026394127,1.233775375,0.493725443,0.050490413,18.83203836,2729460,761650,84.25947049,23.51242579,ALABAMA,AL,729547,1318255,2047802,0.356258564,0.643741436,-28.74828719,Republican,35.62585641,64.37414359,38.78377147,61.21622853,-3.157915061,3.157915061,-6.315830121
1,Alabama,AL,2020,4893186,39.2,3192147,1301319,212951,124956,23613,6484,5089,2059,3987,843,19781,1588,67909,24764,2042,52035,28934,4771614,762642,3344006,499138,97163,236791,116611,253303,95170,30300,22558,515204,112398,275257,175453,293371,144576,21869,15897,2020,3.2,65.23657592,26.59451327,4.351990707,2.553673619,0.482569026,0.132510802,0.104001769,0.042078924,0.081480655,0.017228039,0.404256041,0.032453293,1.38782789,0.506091532,0.041731502,15.98289384,2905059,877044,86.87361805,26.22734529,ALABAMA,AL,849624,1441170,2290794,0.370886252,0.629113748,-25.82274967,Republican,37.08862517,62.91137483,35.62585641,64.37414359,1.462768761,-1.462768761,2.925537521
1,Alabama,AL,2023,5054253,39.3,3225652,1318507,271640,155209,24592,9966,6023,2471,5527,705,27922,3699,71969,22491,2564,62027,34835,4913932,768185,3448302,521949,103874,232849,124247,270963,107734,32334,25080,524425,120810,268775,184911,314023,161442,26410,19095,2024,2.5,63.82054875,26.08707953,5.374483628,3.070859334,0.486560526,0.197180474,0.119166967,0.048889519,0.109353449,0.013948649,0.552445633,0.073185889,1.42392951,0.444991574,0.050729554,15.63279671,3038921,957081,88.12804099,27.75513862,ALABAMA,AL,772412,1462616,2235028,0.345593881,0.654406119,-30.88122386,Republican,34.55938807,65.44061193,37.08862517,62.91137483,-2.529237096,2.529237096,-5.058474193
5,Arkansas,AR,2011,2895928,37.3,2166104,449283,177869,137142,5446,921,2183,346,13161,748,3957,491,34815,17239,5031,40149,21833,2814184,516822,1904692,330084,56484,137363,43371,119495,36535,15356,9347,340373,69649,154065,69901,128632,50492,8417,4731,2012,7.9,74.79826847,15.51430146,6.142038062,4.735684036,0.188057162,0.031803277,0.075381708,0.011947811,0.454465719,0.025829371,0.136640137,0.016954841,1.202205303,0.595284137,0.173726695,18.36489725,1574295,373005,82.65352088,19.58348121,ARKANSAS,AR,394409,647744,1042153,0.378455946,0.621544054,-24.3088107,Republican,37.84559465,62.15440535,39.82827939,60.17172061,-1.982684741,1.982684741,-3.965369481
5,Arkansas,AR,2015,2958208,37.7,2177308,459748,203226,152982,5594,1507,2799,313,17965,600,5803,600,40336,18409,6845,41371,22798,2872497,553644,1962741,344993,58720,145268,48201,125622,41677,15288,11770,340284,74146,162606,75325,142119,61720,9325,6578,2016,5,73.60226191,15.5414359,6.869902319,5.17144163,0.189100969,0.050943003,0.094618093,0.01058073,0.607293334,0.020282549,0.196166057,0.020282549,1.36352819,0.622302421,0.231390085,19.27396269,1663642,414099,84.76115799,21.0979951,ARKANSAS,AR,380494,684872,1065366,0.357148623,0.642851377,-28.57027538,Republican,35.71486231,64.28513769,37.84559465,62.15440535,-2.130732339,2.130732339,-4.261464677
5,Arkansas,AR,2020,3011873,38.3,2155099,457840,229629,167313,7703,2343,2707,630,22721,1192,6061,500,46130,19146,10455,49475,27724,2923585,470190,2026722,353092,63863,143147,57195,142105,51160,16914,10125,333720,73757,164501,94392,166543,76032,11278,8538,2020,3.5,71.55344863,15.20117216,7.62412625,5.555114708,0.255754476,0.077792125,0.089877628,0.020917217,0.754381078,0.039576702,0.201236905,0.016600966,1.531605084,0.635684174,0.34712619,16.08265195,1766362,482695,87.15364021,23.81653725,ARKANSAS,AR,423932,760647,1184579,0.357875667,0.642124333,-28.42486656,Republican,35.78756672,64.21243328,35.71486231,64.28513769,0.072704412,-0.072704412,0.145408824
5,Arkansas,AR,2023,3032651,38.4,2073216,452127,265833,187349,8902,2825,4948,1219,26223,799,10699,1307,47309,16893,12040,58773,33147,2944742,471783,2043779,366238,65611,137635,62509,149032,54805,17682,11675,336540,73076,154701,100391,175593,82787,12262,9385,2024,3.3,68.36315817,14.90863934,8.765697075,6.177730309,0.293538558,0.093152822,0.163157581,0.040195855,0.864689013,0.026346586,0.352793645,0.043097607,1.559988274,0.557037391,0.397012383,16.02119982,1809922,513221,88.55761802,25.11137457,ARKANSAS,AR,396905,759241,1156146,0.343300068,0.656699932,-31.33998647,Republican,34.33000676,65.66999324,35.78756672,64.21243328,-1.457559958,1.457559958,-2.915119916
4,Arizona,AZ,2011,6337373,35.7,3686433,252127,1864375,1683280,30965,9112,3921,1661,11178,2066,13875,2705,172290,280986,11933,50752,25784,6197190,1003575,4087214,486529,140284,363029,149974,346128,133912,41529,29155,524202,173111,384640,180920,341995,144608,25353,16218,2012,9.4,58.16973374,3.978415031,29.41873549,26.56116343,0.488609397,0.143781974,0.061871062,0.026209598,0.176382233,0.032600259,0.218939299,0.042683301,2.718634362,4.433792993,0.188295687,16.1940331,3481587,1078898,85.18240053,26.39690508,ARIZONA,AZ,1025232,1233654,2258886,0.453866198,0.546133802,-9.226760447,Republican,45.38661978,54.61338022,45.68609928,54.31390072,-0.299479504,0.299479504,-0.598959008
4,Arizona,AZ,2015,6641928,36.8,3752853,281576,2014711,1813659,38540,12888,4804,1719,12744,2520,15910,3291,200090,294721,12471,50255,25848,6488917,1180690,4361304,518279,149474,384789,168439,373066,151238,45475,31763,545486,177831,406621,202130,380359,169789,27809,19511,2016,6.1,56.50246434,4.23937146,30.33322553,27.30621289,0.580253204,0.194040044,0.072328396,0.025881039,0.191871999,0.037940791,0.239538881,0.049548866,3.012528892,4.437280862,0.187761746,18.19548624,3752059,1199010,86.03066881,27.49200698,ARIZONA,AZ,1161209,1252401,2413610,0.481108796,0.518891204,-3.778240892,Republican,48.11087955,51.88912045,45.38661978,54.61338022,2.724259778,-2.724259778,5.448519555
4,Arizona,AZ,2020,7174064,37.9,3883722,325105,2260690,1982168,51533,17140,5513,3293,18953,4166,19392,5050,239190,311014,14633,61529,32340,7012999,990528,4846056,575381,171370,405519,199953,441178,185312,54598,36536,576607,197625,433784,229200,470050,215798,36620,28606,2020,4.8,54.13559177,4.531671309,31.5119854,27.62963921,0.718323673,0.238916185,0.076846262,0.045901458,0.264187774,0.058070293,0.270307039,0.070392458,3.334093479,4.335255442,0.203970859,14.12417141,4258137,1468698,87.86809315,30.30707858,ARIZONA,AZ,1672143,1661686,3333829,0.501568317,0.498431683,0.313663358,Democratic,50.15683168,49.84316832,48.11087955,51.88912045,2.045952125,-2.045952125,4.091904251
4,Arizona,AZ,2023,7268175,38.8,3878932,336931,2255770,1946282,49014,20426,6813,3859,21022,5022,24412,6878,249816,296794,14434,76872,40736,7109159,907125,4990633,596309,180566,396313,213491,487311,205391,57676,40986,575384,201402,409542,245636,512224,249173,41638,33063,2024,3.9,53.36872048,4.63570291,31.03626426,26.77813894,0.67436461,0.281033409,0.093737424,0.053094484,0.289233542,0.06909575,0.335875237,0.094631734,3.437121423,4.083473499,0.198591806,12.75994812,4446105,1627462,89.08899933,32.6103322,ARIZONA,AZ,1582860,1770242,3353102,0.47205841,0.52794159,-5.588317922,Republican,47.20584104,52.79415896,50.15683168,49.84316832,-2.95099064,2.95099064,-5.90198128
6,California,CA,2011,36969200,35.1,15028200,2252129,13752743,11493037,183059,83192,74847,12340,617589,104314,355339,11258,4825271,287712,141382,61632,29634,36211794,5211481,23797844,2464139,637004,1837959,816783,2216682,842685,313017,217408,2561233,756365,1955519,1008921,2366350,882059,232259,124607,2012,11.9,40.65059563,6.091906235,37.20054261,31.08814094,0.495166246,0.225030566,0.202457722,0.033379137,1.67055008,0.282164613,0.96117579,0.030452377,13.052138,0.778247839,0.382431862,14.39166753,19232990,7195067,80.81820353,30.2341128,CALIFORNIA,CA,7854285,4839958,12694243,0.618728112,0.381271888,23.74562233,Democratic,61.87281116,38.12718884,62.27844959,37.72155041,-0.405638428,0.405638428,-0.811276857
6,California,CA,2015,38421464,35.8,14879258,2265387,14750686,12274907,209771,91274,88486,14145,685635,118154,407022,16489,5261978,287028,150370,61818,30318,37678735,6135142,25257858,2611119,682468,1975751,874438,2407360,937187,324401,237397,2620705,778804,2079864,1095884,2595236,1027818,259389,150396,2016,6.3,38.72642125,5.896149611,38.39178538,31.94804602,0.545973469,0.237559922,0.230303562,0.036815359,1.784510346,0.307520817,1.059360986,0.042916116,13.69541254,0.74705118,0.391369782,16.28277064,20658217,7939184,81.78926732,31.43253082,CALIFORNIA,CA,8753788,4483810,13237598,0.661282205,0.338717795,32.25644109,Democratic,66.12822054,33.87177946,61.87281116,38.12718884,4.255409379,-4.255409379,8.510818759
6,California,CA,2020,39346023,36.7,14365145,2250962,15380929,12635258,227838,105913,91216,19181,719841,112896,434671,17808,5834312,311629,149636,78672,38576,38589882,4853434,26665143,2765552,737279,1987274,949935,2764363,1111914,353772,264164,2665833,821107,2020860,1173892,3000464,1265263,314058,182875,2020,4.1,36.50977635,5.720939064,39.09144515,32.11317698,0.579062336,0.269183495,0.231830292,0.048749527,1.829514002,0.286931159,1.104739353,0.045259975,14.82821275,0.792021598,0.380307814,12.57695994,22378605,9256873,83.92456399,34.71525729,CALIFORNIA,CA,11110250,6006429,17116679,0.649089114,0.350910886,29.81782272,Democratic,64.90891136,35.09108864,66.12822054,33.87177946,-1.219309182,1.219309182,-2.438618364
6,California,CA,2023,39242785,37.6,13573226,2173343,15630830,12657515,224544,99986,112000,27518,756584,120047,486910,23937,5997069,445219,147827,96334,47977,38529452,4610600,26941198,2849541,775323,1858929,954957,2894023,1200233,365988,294920,2646654,836842,1856034,1179411,3141586,1386770,337169,213672,2024,4.8,34.58782551,5.538197658,39.83109252,32.25437491,0.572191805,0.254788237,0.285402782,0.070122444,1.927956948,0.305908462,1.240763111,0.0609972,15.28196584,1.134524474,0.376698545,11.96643025,22792052,9834361,84.59925205,36.50305751,CALIFORNIA,CA,9276179,6081697,15357876,0.604001426,0.395998574,20.80028514,Democratic,60.40014257,39.59985743,64.90891136,35.09108864,-4.508768789,4.508768789,-9.017537578
8,Colorado,CO,2011,4966061,35.9,3491019,195640,1011545,769790,21347,5634,5491,1741,11516,1630,6814,1953,134228,48201,5798,57685,30816,4852160,607727,3265425,373269,94790,258878,116779,374121,148775,42409,29250,375623,112875,269778,141408,385896,160372,27708,16595,2012,8.7,70.29754568,3.939540815,20.3691618,15.50101781,0.429857789,0.113450076,0.110570531,0.035057966,0.23189405,0.032822795,0.137211363,0.039326943,2.702906791,0.970608295,0.116752493,12.52487552,2928526,1185126,89.68284373,36.29316245,COLORADO,CO,1323101,1185243,2508344,0.527479883,0.472520117,5.495976628,Democratic,52.74798831,47.25201169,54.55063469,45.44936531,-1.802646379,1.802646379,-3.605292758
8,Colorado,CO,2015,5278906,36.3,3646224,213787,1112586,832155,28546,8422,6563,2956,12718,1701,8780,2304,153467,50008,7695,60629,32217,5161722,653969,3520177,385963,104697,283184,133328,417385,168401,44510,33479,381362,117875,285066,159473,430592,192452,31616,23572,2016,3.7,69.07158415,4.049835326,21.07607144,15.76377757,0.540755982,0.159540632,0.124325002,0.055996451,0.24092113,0.032222586,0.16632234,0.043645407,2.907174327,0.947317493,0.145768839,12.66958972,3192955,1342007,90.70438788,38.12328187,COLORADO,CO,1338870,1202484,2541354,0.526833334,0.473166666,5.366666745,Democratic,52.68333337,47.31666663,52.74798831,47.25201169,-0.064654942,0.064654942,-0.129309883
8,Colorado,CO,2020,5684926,36.9,3837450,235692,1231126,891760,36520,13396,6417,3754,16308,2462,9034,4715,181733,53671,8883,75231,39545,5563823,544232,3900754,435348,115533,288126,151346,495933,205051,52434,38735,391733,124711,281538,180781,520056,240433,41169,29042,2020,2.7,67.50219792,4.145911486,21.6559723,15.68639592,0.642400622,0.23564071,0.112877459,0.066034281,0.286863892,0.043307512,0.158911479,0.082938635,3.196752253,0.944093204,0.156255332,9.781619581,3591969,1622853,92.08396633,41.60357203,COLORADO,CO,1804352,1364607,3168959,0.569383195,0.430616805,13.87663898,Democratic,56.93831949,43.06168051,52.68333337,47.31666663,4.25498612,-4.25498612,8.509972239
8,Colorado,CO,2023,5810774,37.5,3814910,232985,1291078,915399,41120,13297,9405,8884,19956,3595,13653,5231,187534,58576,8647,92470,50489,5693064,534188,4038534,433942,120925,280935,154173,549897,229802,56237,44829,377081,124788,265549,182340,567877,275398,47023,35292,2024,3.2,65.65235543,4.009534702,22.21869238,15.75347794,0.707650995,0.228833543,0.161854514,0.15288841,0.343431013,0.061867834,0.234960093,0.090022431,3.227349747,1.008058479,0.14880978,9.383137095,3746088,1806355,92.75860993,44.72798793,COLORADO,CO,1728159,1377441,3105600,0.556465417,0.443534583,11.29308346,Democratic,55.64654173,44.35345827,56.93831949,43.06168051,-1.291777761,1.291777761,-2.583555522
9,Connecticut,CT,2011,3558172,39.8,2554059,347941,463407,48516,254563,9374,5852,2739,7808,1185,15366,23962,134108,8104,1327,69243,37627,3448191,326771,2413922,327186,59088,134500,68406,236672,119519,40468,22966,351811,71666,155235,108075,249437,150549,28865,13546,2012,9,71.7800882,9.778644765,13.02373803,1.363509128,7.15431969,0.263449884,0.164466473,0.076977729,0.219438521,0.033303618,0.431850962,0.673435686,3.769013977,0.227757399,0.037294431,9.476592219,2137989,862022,88.56910041,35.71043306,CONNECTICUT,CT,905083,634892,1539975,0.587725775,0.412274225,17.54515495,Democratic,58.77257748,41.22742252,61.31833825,38.68166175,-2.545760773,2.545760773,-5.091521546
9,Connecticut,CT,2015,3593222,40.4,2487119,370501,526508,54369,278670,11031,8436,2928,8266,2034,19641,31550,150670,8908,981,70331,38803,3483303,366351,2462855,333287,59537,141445,71074,248324,127464,41235,24805,340686,71458,157689,112215,267677,169806,30617,15679,2016,5.6,69.21695904,10.31110797,14.65281021,1.513098829,7.755435094,0.306994669,0.234775363,0.081486755,0.230044233,0.056606578,0.546612483,0.878042047,4.19317259,0.247911206,0.027301402,10.51734517,2212998,925607,89.85498537,37.58268351,CONNECTICUT,CT,897572,673215,1570787,0.571415475,0.428584525,14.28309503,Democratic,57.14154752,42.85845248,58.77257748,41.22742252,-1.63102996,1.63102996,-3.262059919
9,Connecticut,CT,2020,3570549,41.1,2357942,382161,587212,63563,293090,12951,10223,3571,9655,1762,22382,42946,163262,9079,1189,79855,45668,3466935,339156,2489205,328904,61547,138065,77725,261124,138747,42370,24095,326477,71499,148127,115311,290335,184949,35348,19032,2020,3.6,66.03864,10.70314397,16.44598632,1.780202428,8.2085416,0.36271733,0.286314514,0.100012631,0.270406596,0.049348153,0.626850381,1.202784222,4.572462106,0.254274623,0.033300201,9.782588944,2263655,996000,90.93887406,40.01277516,CONNECTICUT,CT,1080831,714717,1795548,0.601950491,0.398049509,20.39009818,Democratic,60.19504909,39.80495091,57.14154752,42.85845248,3.053501571,-3.053501571,6.107003142
9,Connecticut,CT,2023,3598348,41.2,2265780,384753,640668,63478,294813,14346,10355,6404,10169,2841,26909,56499,170954,9569,1806,93760,54409,3510193,351948,2532853,332324,66101,133525,78014,279589,145008,44318,27295,314770,72479,138486,115202,302346,203918,38615,21314,2024,3.8,62.96722829,10.69249,17.80450362,1.764087298,8.193009681,0.398682951,0.287770944,0.177970558,0.282601905,0.078952897,0.747815386,1.570137185,4.750902359,0.265927587,0.050189698,10.02645723,2313304,1062403,91.3319486,41.9449135,CONNECTICUT,CT,992053,736918,1728971,0.573782325,0.426217675,14.75646497,Democratic,57.37823249,42.62176751,60.19504909,39.80495091,-2.816816602,2.816816602,-5.633633204
10,Delaware,DE,2011,890856,38.6,586953,188519,70196,30059,21422,1757,793,277,965,173,5510,1518,28726,3109,442,59317,29659,865744,96805,595938,89036,17669,38874,17645,46411,20618,6832,6351,99893,21319,42849,26598,53024,25966,4732,2761,2012,7.6,65.88640588,21.16155697,7.879612418,3.374170461,2.404653502,0.197226039,0.089015509,0.03109369,0.108322782,0.019419525,0.618506246,0.170397909,3.224539095,0.348990185,0.049615202,11.18171191,520578,166695,87.35438921,27.97186956,DELAWARE,DE,242584,165484,408068,0.594469549,0.405530451,18.89390984,Democratic,59.44695492,40.55304508,62.63813865,37.36186135,-3.191183731,3.191183731,-6.382367461
10,Delaware,DE,2015,926454,39.3,591922,200481,80706,31779,25868,1956,1134,461,904,206,6566,2721,33643,3140,306,60509,30554,900820,108315,631118,94632,17930,39816,19261,52427,23469,6454,6601,101604,21013,45784,28343,59714,32125,4706,3866,2016,4.8,63.89113761,21.6396065,8.711279783,3.430175702,2.79215158,0.21112759,0.122402192,0.049759621,0.09757635,0.022235319,0.708723801,0.293700497,3.631372955,0.338926703,0.033029163,12.02404476,557745,189362,88.37412338,30.00421474,DELAWARE,DE,235603,185127,420730,0.559986214,0.440013786,11.99724289,Democratic,55.99862144,44.00137856,59.44695492,40.55304508,-3.448333476,3.448333476,-6.896666951
10,Delaware,DE,2020,967679,41,595236,212795,91350,34018,26908,1320,1369,358,2027,504,8055,4173,38528,3560,705,69110,36574,941266,107641,679870,104525,18924,40535,21121,59723,27870,6524,7961,106473,22489,46449,33468,69369,39487,5681,5428,2020,3.6,61.51172031,21.99024677,9.440113922,3.515421953,2.78067417,0.136408871,0.141472534,0.036995739,0.209470289,0.052083387,0.832404134,0.431238045,3.981485596,0.367890592,0.072854738,11.43576842,616027,222043,90.60952829,32.6596261,DELAWARE,DE,296268,200603,496871,0.596267442,0.403732558,19.25348833,Democratic,59.62674416,40.37325584,55.99862144,44.00137856,3.628122721,-3.628122721,7.256245443
10,Delaware,DE,2023,1005872,41.5,593548,220645,107829,36516,31020,1762,2444,1000,2171,323,11222,6215,41164,3744,403,82855,44219,981264,105246,710442,103739,20393,41615,23385,65871,32144,7842,8898,102453,23855,47201,36031,78468,45286,6441,5676,2024,4,59.00830324,21.93569361,10.71995244,3.630282978,3.08389139,0.175171394,0.242973261,0.099416228,0.215832631,0.032111442,1.11564891,0.617871856,4.092369606,0.372214357,0.04006474,10.72555398,649298,250626,91.39352685,35.27747515,DELAWARE,DE,289758,215265,505023,0.573752087,0.426247913,14.75041731,Democratic,57.37520865,42.62479135,59.62674416,40.37325584,-2.251535511,2.251535511,-4.503071022
12,Florida,FL,2011,18688787,40.5,10917419,2946899,4122759,610019,827544,1206102,119944,102219,58206,143537,84899,166679,455403,58192,11005,47827,26733,18282511,2679400,12949216,1826792,376911,870788,480337,1060716,382720,162235,82138,2070781,474208,979678,631716,1110105,423499,94995,49960,2012,10,58.41694809,15.76827324,22.06006735,3.264090923,4.428024141,6.453613068,0.641796602,0.546953636,0.311448785,0.768038075,0.454277744,0.891866337,2.436771311,0.311373874,0.058885577,14.6555361,11077579,3366368,85.5463296,25.99669354,FLORIDA,FL,4237756,4163447,8401203,0.504422521,0.495577479,0.884504279,Democratic,50.44225214,49.55774786,51.41966003,48.58033997,-0.977407892,0.977407892,-1.954815783
12,Florida,FL,2015,19645772,41.4,11013749,3171108,4660733,668344,977995,1363419,126938,126674,63073,153004,102722,201261,509085,54569,11024,47507,26829,19228208,3180109,13824205,1947974,401623,932602,555952,1167778,425992,170139,91442,2126278,487203,1037267,740892,1250777,506231,104602,63187,2016,5.5,56.06167576,16.14142728,23.72384755,3.401973717,4.978144916,6.940012334,0.646133937,0.644790136,0.321051267,0.778813884,0.522870773,1.024449434,2.591320921,0.2777646,0.056113855,16.5387695,12009939,3780148,86.87616395,27.3444151,FLORIDA,FL,4504975,4617886,9122861,0.493811645,0.506188355,-1.237670946,Republican,49.38116453,50.61883547,50.44225214,49.55774786,-1.061087612,1.061087612,-2.122175224
12,Florida,FL,2020,21216924,42.2,11331222,3381061,5468826,709870,1155423,1532516,150689,242869,76313,153486,126443,246209,590668,55655,13339,57703,32848,20793628,2772939,15255326,2111668,462506,970101,651616,1388109,539183,201820,102505,2196874,535123,1045601,870093,1550484,657318,142467,78060,2020,3.3,53.40652585,15.93567946,25.77577221,3.34577246,5.445761129,7.223082856,0.710230192,1.144694679,0.359679848,0.723413064,0.595953494,1.160436829,2.783947381,0.262314179,0.062869622,13.33552279,13503528,4659946,88.51681046,30.54635476,FLORIDA,FL,5297045,5668731,10965776,0.483052453,0.516947547,-3.389509324,Republican,48.30524534,51.69475466,49.38116453,50.61883547,-1.075919189,1.075919189,-2.151838379
12,Florida,FL,2023,21928881,42.6,11266583,3363769,5865737,730567,1208449,1566370,155633,334415,84183,163867,159910,284626,628137,66779,13136,71711,41055,21459978,2707698,15850299,2173917,486814,951931,691162,1555662,615571,221087,117701,2172485,550198,1008258,908166,1729701,762001,164144,98064,2024,2.9,51.37782908,15.33944664,26.74891163,3.331528864,5.510764548,7.142954536,0.709717017,1.524998015,0.383890997,0.747265672,0.729220976,1.297950406,2.864427966,0.304525343,0.059902737,12.61743139,14206862,5263931,89.6315079,33.21029464,FLORIDA,FL,4683038,6110125,10793163,0.433889306,0.566110694,-13.22213887,Republican,43.38893057,56.61106943,48.30524534,51.69475466,-4.916314771,4.916314771,-9.832629543
13,Georgia,GA,2011,9600612,35.2,5405212,2922448,824037,510584,69051,25208,20574,7251,37898,4066,39150,15151,308677,23979,4653,49736,25383,9336746,1541462,6152481,871947,154626,420954,169023,523196,184729,64460,38125,936440,192441,491781,238449,563374,238880,52154,27162,2012,10.1,56.3007025,30.4402261,8.583171573,5.318244295,0.719235399,0.262566595,0.214298838,0.075526435,0.394745668,0.042351467,0.407786504,0.157812856,3.215180449,0.249765327,0.04846566,16.50962766,5167741,1692080,83.99442436,27.50240106,GEORGIA,GA,1773827,2078688,3852515,0.460433509,0.539566491,-7.913298196,Republican,46.0433509,53.9566491,47.37166449,52.62833551,-1.328313587,1.328313587,-2.656627174
13,Georgia,GA,2015,10006693,35.9,5460401,3096757,915120,548982,86792,31175,25667,6942,40768,7703,43162,20794,360448,25887,4704,49620,25737,9737146,1788947,6500205,907401,166058,458032,191545,563549,208083,67107,43624,938523,202813,539732,273920,614637,282457,58942,35085,2016,6.1,54.56748798,30.94685727,9.145079198,5.486148121,0.86733949,0.311541485,0.256498326,0.069373568,0.407407322,0.076978478,0.43133131,0.207800919,3.602069135,0.258696854,0.047008537,18.37239577,5551508,1873484,85.40512184,28.82192177,GEORGIA,GA,1877963,2089104,3967067,0.473388274,0.526611726,-5.322345199,Republican,47.3388274,52.6611726,46.0433509,53.9566491,1.295476499,-1.295476499,2.590952998
13,Georgia,GA,2020,10516579,36.9,5478289,3319844,1013057,558421,107661,36164,30479,16042,42047,6663,58261,28437,434603,34962,7127,61224,32427,10238369,1461572,6996425,963114,181163,468118,228379,644377,258195,78837,48917,962260,219071,541665,331340,732934,360916,78704,49782,2020,3.6,52.09193028,31.56771798,9.632951932,5.309911141,1.023726442,0.343876084,0.289818581,0.152540099,0.399816328,0.063357105,0.55399194,0.27040162,4.132551089,0.332446511,0.067769186,14.27543782,6147772,2252662,87.87019085,32.19732935,GEORGIA,GA,2473633,2461854,4935487,0.501193297,0.498806703,0.238659326,Democratic,50.11932966,49.88067034,47.3388274,52.6611726,2.780502262,-2.780502262,5.561004524
13,Georgia,GA,2023,10822590,37.4,5394071,3391689,1158299,592108,123749,41738,41402,29620,52884,10139,72658,31108,472915,42058,7338,74664,39525,10560625,1423159,7253060,989321,197430,461971,249747,709812,289074,81925,56776,961377,233915,522395,354673,793762,407136,86766,55656,2024,3.2,49.8408514,31.33897708,10.70260446,5.471037894,1.143432395,0.385656299,0.382551681,0.273686798,0.488644585,0.093683675,0.671355008,0.287435817,4.369702631,0.388613077,0.067802624,13.47608688,6451736,2480907,88.95191822,34.20497004,GEORGIA,GA,2548017,2663117,5211134,0.488956338,0.511043662,-2.208732303,Republican,48.89563385,51.10436615,50.11932966,49.88067034,-1.223695814,1.223695814,-2.447391629
15,Hawaii,HI,2011,1346554,38.4,308067,21628,119059,35123,40319,1743,441,257,1119,252,780,533,524274,3198,129157,67116,29203,1311890,134387,915429,134175,24197,77429,42711,84598,27288,11456,6652,128161,25436,75555,47306,94656,32694,8443,4323,2012,6.8,22.87817644,1.606173982,8.841754582,2.608361789,2.994235656,0.129441523,0.032750265,0.019085755,0.083101012,0.018714437,0.057925638,0.03958252,38.93449501,0.237495117,9.591668808,10.24377044,825080,270110,90.13041973,29.50638444,HAWAII,HI,306658,121015,427673,0.717038485,0.282961515,43.407697,Democratic,71.7038485,28.2961515,72.99372588,27.00627412,-1.289877377,1.289877377,-2.579754755
15,Hawaii,HI,2015,1406299,38,321832,28688,139251,41588,47911,2055,642,416,1098,553,692,1003,530551,3012,138901,69515,29822,1369085,153944,962052,138389,26840,81435,48478,92893,28602,12320,7486,129947,26775,76763,50404,103117,37553,9424,5319,2016,3.4,22.88503369,2.039964474,9.901948305,2.957265845,3.406885733,0.146128242,0.045651743,0.029581191,0.078077279,0.039323074,0.049207174,0.071321959,37.72675654,0.214179204,9.877060284,11.2442982,875745,296714,91.0288633,30.84178402,HAWAII,HI,266891,128847,395738,0.674413375,0.325586625,34.8826749,Democratic,67.44133745,32.55866255,71.7038485,28.2961515,-4.262511051,4.262511051,-8.525022101
15,Hawaii,HI,2020,1420074,39.4,306360,26717,152566,47164,51188,2045,452,755,996,344,1928,1030,534519,3508,147698,83173,37013,1381577,127971,996423,141776,28504,75825,52479,102092,33593,12643,8631,130255,29588,72891,55741,116587,44046,10376,6521,2020,2.5,21.57352363,1.881380829,10.74352463,3.321235372,3.604600887,0.14400658,0.031829327,0.053166243,0.07013719,0.02422409,0.135767573,0.072531431,37.64022157,0.24702938,10.4007256,9.262675913,921548,334489,92.48562107,33.56897623,HAWAII,HI,366130,196864,562994,0.650326646,0.349673354,30.06532929,Democratic,65.03266465,34.96733535,67.44133745,32.55866255,-2.408672804,2.408672804,-4.817345608
15,Hawaii,HI,2023,1445635,40.6,305329,27740,142225,47729,48113,1910,621,823,1574,234,589,1558,538807,3835,149030,98317,44823,1409460,140461,1027351,144716,30392,72143,55032,107293,38526,14262,9469,129096,32104,68740,57780,123348,50791,13253,7456,2024,3,21.12075316,1.918879939,9.838237176,3.301594109,3.328156831,0.13212187,0.042956901,0.05693,0.108879489,0.016186658,0.040743341,0.107772709,37.27130292,0.265281347,10.30896457,9.965589658,954401,364398,92.89921361,35.46966908,HAWAII,HI,313044,193661,506705,0.617803258,0.382196742,23.56065166,Democratic,61.78032583,38.21967417,65.03266465,34.96733535,-3.252338816,3.252338816,-6.504677632
19,Iowa,IA,2011,3032266,38,2698533,85714,144158,112480,5083,1468,1550,244,5495,588,6170,278,52881,9958,1112,50451,26110,2932765,347536,1999820,339579,68890,133863,86774,160851,48264,18582,12355,336286,81947,148372,112800,183463,56755,10296,6956,2012,5.6,88.99394051,2.8267309,4.754134367,3.709437101,0.167630412,0.048412639,0.051116888,0.008046787,0.181217611,0.019391439,0.203478191,0.009168061,1.743943308,0.328401268,0.036672244,11.85011414,1806033,497522,90.30977788,24.87833905,IOWA,IA,822544,730617,1553161,0.529593519,0.470406481,5.918703856,Democratic,52.95935193,47.04064807,54.84877779,45.15122221,-1.889425861,1.889425861,-3.778851723
19,Iowa,IA,2015,3093526,38.1,2703612,97788,168230,131476,5879,1959,1821,310,6504,753,6038,457,62997,9977,1882,53183,27950,2992774,373883,2049344,338397,71352,138599,98605,173039,53630,19381,13456,321851,80899,149960,128723,199395,66955,11611,8947,2016,3.7,87.3958066,3.161053115,5.438131116,4.250037013,0.190042043,0.063325797,0.058864868,0.010020928,0.210245526,0.024341156,0.195181809,0.014772787,2.036414111,0.32251224,0.060836728,12.4928578,1874800,546414,91.48293308,26.66287358,IOWA,IA,653669,800983,1454652,0.449364522,0.550635478,-10.12709569,Republican,44.93645215,55.06354785,52.95935193,47.04064807,-8.022899773,8.022899773,-16.04579955
19,Iowa,IA,2020,3150011,38.3,2677946,117035,194407,148372,8704,2522,2976,579,6713,1008,6841,797,79296,10538,3941,61836,33021,3051284,339090,2104864,338216,70961,138750,108847,192125,59742,21227,14866,309155,80817,142953,139649,222923,80685,14147,11400,2020,2.7,85.01386186,3.715383851,6.171629242,4.710205774,0.276316495,0.080063212,0.094475861,0.018380888,0.213110367,0.031999888,0.217173845,0.025301499,2.517324543,0.334538514,0.125110674,11.11302652,1946463,617115,92.47452567,29.31852129,IOWA,IA,759061,897672,1656733,0.458167369,0.541832631,-8.366526169,Republican,45.81673692,54.18326308,44.93645215,55.06354785,0.88028476,-0.88028476,1.760569521
19,Iowa,IA,2023,3195937,38.6,2654679,123234,223471,157347,9894,3764,4491,754,10364,995,13243,1476,78267,10998,4396,73147,39728,3096878,340362,2140476,349003,72936,135410,114752,206090,64122,21452,15979,300966,80220,138160,143291,235310,90166,14609,12891,2024,2.9,83.06418431,3.855958362,6.992346845,4.923344859,0.309580571,0.117774537,0.140522169,0.023592455,0.324286743,0.03113328,0.41436987,0.046183639,2.448953155,0.34412443,0.137549645,10.99048784,1995357,660619,93.22024634,30.86318183,IOWA,IA,707278,927019,1634297,0.432772011,0.567227989,-13.44559771,Republican,43.27720115,56.72279885,45.81673692,54.18326308,-2.53953577,2.53953577,-5.07907154
16,Idaho,ID,2011,1549987,34.5,1306061,8823,168949,147504,3762,748,578,336,868,153,1161,393,18714,19584,2425,46890,22788,1519070,216734,970727,134457,36704,87518,38707,80939,26691,9535,7047,141236,44553,92687,44407,83379,23844,3964,2984,2012,8.2,84.26270672,0.569230581,10.9000269,9.516466912,0.242711713,0.048258469,0.037290635,0.021677601,0.05600047,0.009871051,0.074903854,0.025355051,1.207364965,1.263494468,0.156452925,14.26754527,858652,238383,88.45452944,24.5571618,IDAHO,ID,212787,420911,633698,0.335786132,0.664213868,-32.84277369,Republican,33.57861316,66.42138684,36.97541019,63.02458981,-3.396797039,3.396797039,-6.793594077
16,Idaho,ID,2015,1616547,35.5,1342562,9900,191314,166554,3614,870,466,321,1686,135,1478,88,21711,20504,1921,47583,23399,1584410,245177,1030748,139652,39788,91669,43249,89500,30573,10032,7210,143584,48592,97651,51468,92735,28309,4787,3443,2016,3.9,83.05121967,0.612416465,11.83473168,10.30307192,0.22356294,0.053818417,0.028826876,0.01985714,0.10429638,0.008351134,0.091429448,0.005443702,1.343047867,1.268382546,0.118833538,15.47434061,922242,266589,89.47308168,25.86364465,IDAHO,ID,189765,409055,598820,0.316898233,0.683101767,-36.62035336,Republican,31.68982332,68.31017668,33.57861316,66.42138684,-1.888789837,1.888789837,-3.777579674
16,Idaho,ID,2020,1754367,36.6,1427529,11536,222967,188699,5145,864,729,760,3122,238,1742,473,24501,23029,3174,58915,29494,1722972,205676,1145344,157384,44583,95814,51912,103612,37814,11681,9766,148333,52082,105936,60764,117480,36439,6453,5102,2020,2.9,81.37003261,0.657559108,12.70925639,10.75595927,0.29326817,0.049248532,0.041553449,0.043320468,0.177955924,0.013566147,0.099295073,0.026961291,1.396572097,1.31266719,0.180919956,11.93728047,1045155,328347,91.25249707,28.66798097,IDAHO,ID,287021,554119,841140,0.341228571,0.658771429,-31.75428585,Republican,34.12285707,65.87714293,31.68982332,68.31017668,2.433033756,-2.433033756,4.866067511
16,Idaho,ID,2023,1893296,37.1,1502167,14108,252466,204713,6719,1183,955,1274,3028,672,3162,674,24979,21532,3098,74636,37169,1843325,196060,1244319,169796,46730,101873,55820,121845,44343,13350,10647,152777,53066,107038,65617,136993,46874,8042,5938,2024,3.1,79.34137082,0.745155538,13.33473477,10.81251954,0.354883758,0.062483626,0.050441135,0.067290059,0.159932731,0.035493658,0.167010335,0.035599294,1.319339395,1.137275946,0.163629987,10.63621445,1140749,388032,91.67657168,31.18428634,IDAHO,ID,274972,605246,880218,0.312390794,0.687609206,-37.52184118,Republican,31.23907941,68.76092059,34.12285707,65.87714293,-2.883777665,2.883777665,-5.76755533
17,Illinois,IL,2011,12790182,36.4,8177405,1859608,1987211,1577155,178169,22923,11481,2722,14356,2878,35280,6249,583302,25216,3185,56576,29376,12487023,1640428,8405202,1121657,253976,579032,264315,769900,315755,109261,55916,1199682,307491,632218,347053,834736,385193,69746,36149,2012,9.8,63.93501672,14.53933963,15.5370033,12.33098169,1.393013798,0.179223407,0.089764164,0.021281949,0.112242343,0.022501634,0.275836575,0.048857788,4.560544955,0.197151221,0.024901913,13.13706237,7282080,2576656,86.63777504,30.65549168,ILLINOIS,IL,3019512,2135216,5154728,0.585775234,0.414224766,17.15504678,Democratic,58.57752339,41.42247661,62.73426404,37.26573596,-4.156740652,4.156740652,-8.313481305
17,Illinois,IL,2015,12873761,37.3,8041878,1846108,2122841,1685953,198272,25518,14264,3143,14612,3216,39477,7295,645642,28363,3407,57574,30494,12571110,1801118,8600178,1131393,264902,603091,286299,815425,341254,108953,60977,1176916,303886,644898,372605,896362,437108,74578,43214,2016,6,62.46719976,14.3400829,16.48967229,13.09604085,1.54012491,0.198217133,0.110799012,0.024414,0.113502185,0.024981045,0.306646985,0.056665647,5.015177771,0.220316347,0.026464683,14.32743807,7561861,2777871,87.9267964,32.30015704,ILLINOIS,IL,3090729,2146015,5236744,0.590200514,0.409799486,18.04010278,Democratic,59.02005139,40.97994861,58.57752339,41.42247661,0.442527999,-0.442527999,0.885055997
17,Illinois,IL,2020,12716164,38.3,7737459,1796660,2190696,1709245,203537,27916,16445,7678,19037,3393,41893,7638,709567,33972,5196,68428,37306,12418504,1488670,8686700,1114407,269669,581460,310664,895556,376657,115284,65784,1106002,308735,615684,396467,979455,508130,90871,53537,2020,4,60.84743009,14.12894643,17.22764821,13.44151428,1.600616349,0.219531613,0.129323592,0.060379844,0.149707097,0.026682575,0.329446836,0.060065284,5.580039704,0.267156039,0.040861379,11.98751476,7788362,3085274,89.65846639,35.51721597,ILLINOIS,IL,3471915,2446891,5918806,0.586590437,0.413409563,17.31808747,Democratic,58.65904373,41.34095627,59.02005139,40.97994861,-0.361007658,0.361007658,-0.722015316
17,Illinois,IL,2023,12692653,38.9,7456575,1750414,2348118,1804094,212170,30886,21612,15866,21026,5060,46438,9771,738308,66990,5514,81702,45104,12410718,1454217,8738607,1132544,275689,551337,319335,932369,402840,117708,72578,1075002,309443,568635,405805,1016830,549301,96796,61072,2024,4.5,58.74717445,13.79076541,18.49982033,14.21368724,1.671596947,0.243337622,0.170271731,0.125001448,0.165654887,0.039865582,0.365865198,0.076981542,5.816813869,0.527785641,0.043442454,11.71742844,7887284,3249494,90.25790953,37.18549192,ILLINOIS,IL,3062863,2449079,5511942,0.555677654,0.444322346,11.13553082,Democratic,55.56776541,44.43223459,58.65904373,41.34095627,-3.091278325,3.091278325,-6.182556649
18,Indiana,IN,2011,6454254,36.8,5279665,576304,377169,291633,30019,4567,7318,1379,6892,1387,6078,2200,99194,14772,1233,48393,24497,6255949,885150,4199481,728459,133024,276346,136145,300157,107617,35908,24996,775879,152047,304595,179037,311274,139129,20700,12956,2012,8.9,81.80132049,8.929056712,5.843727253,4.518461777,0.4651041,0.070759533,0.113382585,0.021365754,0.106782287,0.021489703,0.094170449,0.034086046,1.536877848,0.228872307,0.01910368,14.14893248,3638269,952737,86.63615813,22.68701775,INDIANA,IN,1152887,1420543,2573430,0.447996254,0.552003746,-10.40074919,Republican,44.7996254,55.2003746,50.52195345,49.47804655,-5.722328043,5.722328043,-11.44465609
18,Indiana,IN,2015,6568645,37.3,5288121,603014,421206,317115,35528,5228,7530,2263,10339,2642,7991,2723,121729,14793,2285,49255,25346,6367947,978043,4316273,738415,136854,293074,151932,318026,118267,35676,26139,755887,151014,320284,203703,346721,157018,21508,16901,2016,4.8,80.5055076,9.180188608,6.412372719,4.827707998,0.540872585,0.079590235,0.114635515,0.03445155,0.157399281,0.040221385,0.121653705,0.041454516,1.85318281,0.225206264,0.034786474,15.35884328,3791419,1040256,87.84011113,24.10079251,INDIANA,IN,1033126,1557286,2590412,0.398826905,0.601173095,-20.23461905,Republican,39.88269048,60.11730952,44.7996254,55.2003746,-4.916934927,4.916934927,-9.833869854
18,Indiana,IN,2020,6696893,37.8,5253453,631923,475475,340483,43210,6347,8059,5685,13190,2174,9115,4642,158705,14030,2205,58235,30693,6491632,838149,4466180,748796,144102,281221,166998,365106,136800,39449,29196,733600,158826,314342,229076,405795,189052,27991,19405,2020,3.3,78.4461242,9.436062365,7.099934253,5.084193521,0.645224584,0.094775294,0.120339387,0.084890112,0.196957007,0.032462815,0.136107894,0.069315726,2.369830308,0.209500137,0.032925716,12.91122171,3989755,1212794,89.33260639,27.15506316,INDIANA,IN,1242416,1729519,2971935,0.41804952,0.58195048,-16.39009601,Republican,41.80495199,58.19504801,39.88269048,60.11730952,1.922261517,-1.922261517,3.844523034
18,Indiana,IN,2023,6811752,38,5184070,630680,569410,387866,53283,9062,13973,10147,15746,2729,15790,5553,172936,17208,2345,70051,37178,6616834,807582,4559304,767043,149821,277031,177502,395652,148912,40150,30947,729171,166407,297600,235992,439785,202909,30506,24225,2024,3.3,76.10479653,9.258704662,8.359229755,5.69407107,0.782221666,0.13303479,0.20513078,0.148963145,0.231159326,0.040063114,0.231805268,0.081520877,2.538788846,0.252622233,0.034425798,12.20496086,4113653,1313086,90.22545985,28.80014143,INDIANA,IN,1163603,1720347,2883950,0.403475442,0.596524558,-19.30491167,Republican,40.34754417,59.65245583,41.80495199,58.19504801,-1.457407826,1.457407826,-2.914815651
20,Kansas,KS,2011,2830985,36.1,2225141,163063,287599,241068,8848,2530,3463,524,6031,978,4694,543,67532,23860,1734,50594,26545,2746674,347184,1822400,257933,66207,139548,57093,172260,60550,20836,12930,259627,80742,151408,76979,182932,74468,11261,6378,2012,6.4,78.59953338,5.759938679,10.15897294,8.515340067,0.312541395,0.089368188,0.122324915,0.018509459,0.213035392,0.03454628,0.165808014,0.019180603,2.385459478,0.842816193,0.061250766,12.64016043,1631152,541615,89.50570676,29.71987489,KANSAS,KS,440726,692634,1133360,0.388866733,0.611133267,-22.22665349,Republican,38.88667325,61.11332675,42.38772418,57.61227582,-3.501050926,3.501050926,-7.002101853
20,Kansas,KS,2015,2892987,36,2228789,168402,323218,271112,10502,3712,3737,501,6371,751,5957,915,75653,24022,1796,52205,27706,2810222,381353,1869698,257676,71554,146145,63307,179350,66578,20577,13162,247907,80570,154003,85416,194870,84335,12625,8717,2016,4.2,77.04109974,5.821042404,11.17246638,9.37135217,0.363015803,0.12831029,0.129174448,0.017317741,0.220222213,0.025959329,0.205911745,0.03162821,2.615048045,0.83035285,0.062081164,13.57020904,1686792,580214,90.21735061,31.0324983,KANSAS,KS,427005,671018,1098023,0.388885297,0.611114703,-22.22294069,Republican,38.88852966,61.11147034,38.88667325,61.11332675,0.001856403,-0.001856403,0.003712805
20,Kansas,KS,2020,2912619,36.9,2193988,165837,351602,285350,12694,4517,4611,1402,7466,999,9333,1255,87093,22278,2344,61091,32798,2828498,323644,1911990,254740,69712,140876,73907,195031,77213,22017,14210,239486,81063,143710,94510,215313,99045,15181,10603,2020,3.2,75.32698235,5.693741612,12.07167844,9.797024602,0.435827686,0.155083792,0.158311128,0.048135372,0.256332874,0.034299028,0.32043326,0.043088368,2.990195422,0.76487862,0.080477399,11.44225663,1746617,648613,91.35073928,33.92345148,KANSAS,KS,570323,771406,1341729,0.425065717,0.574934283,-14.98685651,Republican,42.50657174,57.49342826,38.88852966,61.11147034,3.618042087,-3.618042087,7.236084174
20,Kansas,KS,2023,2937569,37.2,2155363,159829,389514,304798,16735,5293,5147,2576,8409,1867,11205,1663,86212,21898,2586,72639,39638,2850379,328475,1933293,260181,73530,135470,77531,203476,80598,21849,15643,234934,82311,136235,96842,222052,107760,16249,12037,2024,2.7,73.37233611,5.440859432,13.2597396,10.37585841,0.569688746,0.180183002,0.175212906,0.087691557,0.286257106,0.063555954,0.381437849,0.056611436,2.934807659,0.74544632,0.088031975,11.52390612,1776698,679664,91.90008964,35.1557679,KANSAS,KS,544853,758802,1303655,0.417942631,0.582057369,-16.41147389,Republican,41.79426305,58.20573695,42.50657174,57.49342826,-0.712308692,0.712308692,-1.424617383
21,Kentucky,KY,2011,4316040,37.8,3737269,336628,124593,77382,11893,9091,2067,667,3016,597,5433,1043,47754,8913,2403,42248,23033,4186093,756947,2881383,493234,83885,181711,72227,172607,68130,28008,14279,494261,104856,207525,120383,181300,102369,19433,8605,2012,9.4,86.59023086,7.799464324,2.886743404,1.792893486,0.275553517,0.210632895,0.047891122,0.015453981,0.06987887,0.013832124,0.125879278,0.02416567,1.106430895,0.206508744,0.055676036,18.08242196,2352813,594731,81.65568409,20.64047022,KENTUCKY,KY,679370,1087190,1766560,0.384572276,0.615427724,-23.08554479,Republican,38.45722761,61.54277239,41.76657241,58.23342759,-3.309344806,3.309344806,-6.618689612
21,Kentucky,KY,2015,4397353,38.5,3762154,347034,143481,83848,14238,12143,2629,869,2914,519,8548,1797,55483,9063,2197,43740,24063,4263217,805841,2955216,504122,90328,194129,82951,187681,76806,27398,16677,489731,106479,222364,138458,198873,119311,21073,11125,2016,5.2,85.55496909,7.891884049,3.262894746,1.906783467,0.323785696,0.276143398,0.059785967,0.019761889,0.066267138,0.011802555,0.19438967,0.040865493,1.261736322,0.206101261,0.049961875,18.90218115,2487506,658944,84.17340729,22.29765946,KENTUCKY,KY,628854,1202971,1831825,0.34329371,0.65670629,-31.34125804,Republican,34.32937098,65.67062902,38.45722761,61.54277239,-4.127856624,4.127856624,-8.255713247
21,Kentucky,KY,2020,4461952,39,3751738,361230,167949,90537,16993,18415,6320,1670,3415,528,8973,1570,68139,8364,3033,52238,29123,4322881,717895,3034491,508889,94413,203833,101782,217129,84860,29752,17345,481307,109326,227756,158211,230755,138726,26059,14706,2020,4.1,84.0828857,8.095784087,3.764025252,2.029089511,0.380842286,0.412711746,0.141642044,0.037427565,0.076536009,0.011833386,0.201100326,0.035186394,1.527111901,0.187451591,0.067974734,16.60686473,2644849,759332,87.15955987,25.02337295,KENTUCKY,KY,772474,1326646,2099120,0.367998971,0.632001029,-26.4002058,Republican,36.7998971,63.2001029,34.32937098,65.67062902,2.470526117,-2.470526117,4.941052234
21,Kentucky,KY,2023,4510725,39.1,3712826,355237,212163,107967,19011,29357,7396,1858,4044,657,13202,2183,68482,7610,3737,62417,34960,4382816,707480,3078157,526736,99837,193773,108373,235174,94368,31595,19341,479979,112044,208521,165072,254668,150640,28450,16620,2024,4.2,82.31106973,7.875385886,4.70352327,2.393562011,0.421462182,0.650826641,0.163964773,0.041190718,0.089652994,0.014565286,0.292680223,0.048395768,1.518203836,0.168709021,0.082846992,16.14213328,2725191,830856,88.53320347,26.99199553,KENTUCKY,KY,704043,1337494,2041537,0.34485929,0.65514071,-31.02814203,Republican,34.48592898,65.51407102,36.7998971,63.2001029,-2.313968116,2.313968116,-4.627936232
22,Louisiana,LA,2011,4484596,35.9,2722640,1429820,183706,76467,10845,10778,31041,1890,4838,8015,6062,3296,69355,28154,1719,44086,23853,4356062,800705,2899261,486723,73566,210535,54181,188436,52220,28004,15107,516702,87600,236739,87552,222065,81778,16223,8468,2012,7.4,60.71093137,31.88291654,4.096377912,1.705103425,0.241827803,0.2403338,0.692169373,0.042144265,0.107880398,0.178722899,0.135173826,0.07349603,1.546516119,0.627793451,0.038331212,18.38139586,2365899,612301,81.60351897,21.11920934,LOUISIANA,LA,809141,1152262,1961403,0.412531744,0.587468256,-17.49365123,Republican,41.25317439,58.74682561,40.54282584,59.45717416,0.710348547,-0.710348547,1.420697095
22,Louisiana,LA,2015,4625253,36.1,2751183,1484363,218263,86776,13961,11475,38423,1855,7623,7837,9660,5797,77818,27238,1824,45047,24981,4494987,888280,3040041,506903,74835,225983,65828,205219,61425,28396,17089,524253,87526,261837,102632,245823,97401,19145,10814,2016,6.3,59.48178402,32.09257958,4.718941861,1.876135208,0.301842948,0.248094537,0.830722125,0.040105914,0.164812606,0.16943938,0.20885344,0.125333684,1.682459316,0.588897515,0.039435681,19.76156994,2535109,685312,83.39061874,22.54285386,LOUISIANA,LA,780154,1178638,1958792,0.398283228,0.601716772,-20.34335448,Republican,39.82832276,60.17167724,41.25317439,58.74682561,-1.424851624,1.424851624,-2.849703247
22,Louisiana,LA,2020,4664616,37.2,2720638,1500633,243372,88174,15130,12132,47164,2389,8242,7754,9087,6449,80930,25938,1743,50800,29522,4532187,845230,3139520,526718,80773,230892,84749,219405,69788,30579,17462,517638,99127,254689,120211,280593,125891,23570,13259,2020,4.6,58.32501539,32.17055809,5.217406963,1.890273497,0.324356817,0.260085718,1.01110145,0.051215363,0.176691929,0.166230189,0.194807032,0.13825361,1.734976684,0.556058634,0.03736642,18.64949527,2695344,780547,85.85210478,24.86198527,LOUISIANA,LA,856034,1255776,2111810,0.405355595,0.594644405,-18.92888091,Republican,40.53555954,59.46444046,39.82832276,60.17167724,0.707236782,-0.707236782,1.414473563
22,Louisiana,LA,2023,4621025,37.8,2598789,1434953,321022,97973,18173,15089,71215,2048,10386,10822,11932,8305,79925,27605,2884,60023,34211,4494539,848769,3110254,519583,84864,216788,89204,232710,74873,32542,19511,492538,102118,240036,131929,288958,135851,25017,16332,2024,3.7,56.23836703,31.05269935,6.94698687,2.120157324,0.393267727,0.326529287,1.541108304,0.044319172,0.22475533,0.234190466,0.258211111,0.179722031,1.729594625,0.597378287,0.062410396,18.88445066,2702854,825794,86.90139133,26.55069329,LOUISIANA,LA,766870,1208505,1975375,0.388214896,0.611785104,-22.35702082,Republican,38.82148959,61.17851041,40.53555954,59.46444046,-1.714069953,1.714069953,-3.428139906
25,Massachusetts,MA,2011,6512227,38.9,5005318,431907,606922,38465,260144,10553,15736,4494,40059,2211,36149,106698,345422,12238,1711,65981,35051,6288679,673467,4419291,564830,100243,228398,132518,466833,225643,69319,61052,596552,120856,268550,205403,510521,288162,51898,37598,2012,7.2,76.86031215,6.63224731,9.319730409,0.590658157,3.994701045,0.162049019,0.241637768,0.069008651,0.615135191,0.033951519,0.555094286,1.638425688,5.304206994,0.187923425,0.026273654,10.70919664,3928376,1711026,88.89154392,38.717206,MASSACHUSETTS,MA,1921290,1188314,3109604,0.617856807,0.382143193,23.5713615,Democratic,61.78568075,38.21431925,63.19707821,36.80292179,-1.411397464,1.411397464,-2.822794929
25,Massachusetts,MA,2015,6705586,39.3,4982325,478947,707928,42031,297089,12231,17529,5227,50587,1595,41711,130264,400675,13189,1644,68563,36895,6471313,748905,4610510,579366,104700,243715,140361,502516,246886,71304,67598,590009,121974,275405,216772,546634,325305,58992,47868,2016,4.8,74.30111254,7.142507754,10.55728761,0.626805771,4.430470357,0.182400166,0.261408921,0.077949936,0.754400883,0.023786139,0.62203363,1.942619183,5.975242134,0.196686762,0.024516873,11.57269012,4139405,1867103,89.78193302,40.49666957,MASSACHUSETTS,MA,1995196,1090893,3086089,0.646512787,0.353487213,29.30255738,Democratic,64.65127869,35.34872131,61.78568075,38.21431925,2.865597941,-2.865597941,5.731195881
25,Massachusetts,MA,2020,6873003,39.6,4865022,513369,828140,47720,325186,15985,16717,6333,65729,2302,44111,157444,466044,13999,2786,84385,45555,6637329,653454,4815331,579178,110159,237547,148567,560775,287052,77357,80219,554180,127544,263010,221210,620678,388320,69785,59956,2020,3,70.78451734,7.469355098,12.04917268,0.694310769,4.731352511,0.232576648,0.243227014,0.092143129,0.956335971,0.033493365,0.641800971,2.290759949,6.780791453,0.203680982,0.040535411,9.845134993,4385537,2144142,91.07446612,44.52740632,MASSACHUSETTS,MA,2382202,1167202,3549404,0.671155495,0.328844505,34.23109908,Democratic,67.11554954,32.88445046,64.65127869,35.34872131,2.464270851,-2.464270851,4.928541701
25,Massachusetts,MA,2023,6992395,40,4738848,489390,904679,54046,328541,16831,20541,8209,74135,3083,56086,179670,494890,16406,2593,101341,56284,6777241,676516,4945630,585933,116622,224438,149167,601978,315775,81022,88589,543869,127541,243742,223210,647662,424218,74393,72262,2024,3.4,67.77145742,6.998889508,12.93804197,0.772925443,4.698547493,0.240704365,0.293762009,0.117398974,1.060223285,0.044090759,0.802099996,2.56950587,7.077546391,0.234626333,0.037083145,9.982174162,4520421,2305899,91.40232892,46.62498003,MASSACHUSETTS,MA,2126518,1251303,3377821,0.629553194,0.370446806,25.91063884,Democratic,62.95531942,37.04468058,67.11554954,32.88445046,-4.16023012,4.16023012,-8.320460239
24,Maryland,MD,2011,5736545,37.8,3167532,1683842,451861,85014,41439,9858,20185,2691,132696,7664,37474,13253,312883,16603,2708,72419,35751,5597203,502610,3828550,475070,102528,240306,94952,356064,183271,64497,54948,528998,130958,277155,144387,406437,234662,48051,32705,2012,7.3,55.21672017,29.35289447,7.876884083,1.481972163,0.722368603,0.171845597,0.351866847,0.046909769,2.313169338,0.13359958,0.653250345,0.231027561,5.454206321,0.289425081,0.047206114,8.979663593,3374989,1380635,88.15319116,36.06156378,MARYLAND,MD,1677844,971869,2649713,0.633217258,0.366782742,26.64345157,Democratic,63.32172579,36.67827421,62.93008729,37.06991271,0.391638494,-0.391638494,0.783276988
24,Maryland,MD,2015,5930538,38.2,3144084,1750916,533671,95779,48295,12746,29115,4142,162679,8453,45185,18372,357616,15579,2754,74551,36897,5789228,576805,4018459,499842,107594,256027,99975,383709,206440,65491,59196,526758,134169,287417,156279,442730,272501,51153,41750,2016,5,53.01515647,29.52372955,8.998694554,1.61501368,0.814344331,0.214921479,0.490933538,0.069841893,2.743073225,0.142533443,0.761903895,0.309786397,6.030076867,0.262691176,0.046437608,9.963418266,3591031,1522970,89.36338532,37.89935396,MARYLAND,MD,1678006,943428,2621434,0.640109955,0.359890045,28.02199102,Democratic,64.01099551,35.98900449,63.32172579,36.67827421,0.689269722,-0.689269722,1.378539443
24,Maryland,MD,2020,6037624,38.8,3028494,1803128,619418,97574,59738,13988,33886,4315,181925,10900,57164,25028,384429,15860,2650,87063,43352,5894835,531553,4164698,502982,114616,246045,114657,423294,232771,69545,62674,503026,137852,281073,168241,484229,320863,60687,49115,2020,3.4,50.1603611,29.86486075,10.25930068,1.616099313,0.989428954,0.231680542,0.561247272,0.071468511,3.013188632,0.180534594,0.946796289,0.414533929,6.367223265,0.262686116,0.043891438,9.017266811,3771670,1703178,90.56286914,40.89559435,MARYLAND,MD,1985023,976414,2961437,0.67029047,0.32970953,34.05809409,Democratic,67.02904705,32.97095295,64.01099551,35.98900449,3.018051539,-3.018051539,6.036103077
24,Maryland,MD,2023,6170738,39.3,2923706,1825880,744272,116679,68142,16587,45572,7856,209211,11478,70275,30125,398305,23158,2556,101652,51689,6042502,564966,4272813,513697,120538,234587,122737,450985,253297,71760,67397,500478,137134,262441,172455,508940,354136,63535,55995,2024,2.1,47.38016749,29.58932951,12.0613126,1.890843526,1.104276344,0.268800912,0.738517824,0.127310542,3.390372432,0.186006925,1.138842712,0.488191202,6.454738477,0.375287364,0.041421302,9.349868647,3890112,1826045,91.04334779,42.73636595,MARYLAND,MD,1902577,1035550,2938127,0.64754757,0.35245243,29.50951405,Democratic,64.75475703,35.24524297,67.02904705,32.97095295,-2.27429002,2.27429002,-4.54858004
23,Maine,ME,2011,1328543,42.4,1256736,13979,17307,4982,5142,764,454,191,363,105,695,475,13745,7124,310,47898,26195,1293254,165146,934144,158924,26485,59795,35711,74153,26913,10294,6120,162943,30856,67047,48064,88725,37238,6131,3623,2012,7.7,94.59505639,1.052205311,1.302705294,0.374997271,0.38704054,0.057506607,0.034172774,0.014376652,0.027323165,0.007903395,0.052312947,0.035753453,1.034592031,0.536226528,0.023333833,12.76980392,843022,253197,90.24540114,27.10470763,MAINE,ME,401306,292276,693582,0.578599214,0.421400786,15.71984279,Democratic,57.85992139,42.14007861,58.82952498,41.17047502,-0.96960359,0.96960359,-1.93920718
23,Maine,ME,2015,1329100,43.8,1247808,15037,19447,5709,5708,967,237,192,858,172,540,766,14590,7811,187,49331,27655,1293513,180278,952777,159049,27463,61416,39071,81359,28098,9960,7127,157507,31325,69656,51524,97016,41268,6427,4906,2016,4.4,93.88368069,1.131367091,1.463170567,0.429538786,0.429463547,0.072756,0.017831615,0.014445866,0.064554962,0.012941088,0.040628997,0.057632985,1.09773531,0.587690919,0.014069671,13.93708451,873172,276161,91.64494945,28.98485165,MAINE,ME,357735,335593,693328,0.515967911,0.484032089,3.193582258,Democratic,51.59679113,48.40320887,57.85992139,42.14007861,-6.263130264,6.263130264,-12.52626053
23,Maine,ME,2020,1340825,44.8,1242113,18635,23143,7122,6297,1033,215,158,590,163,467,967,15270,8894,190,59489,33774,1304038,144384,982385,159294,29678,61296,44725,88526,32894,11342,7164,148163,30832,67020,55677,111220,52998,8824,6207,2020,2.9,92.63796543,1.389815972,1.726026886,0.531165514,0.469636231,0.07704212,0.016034904,0.01178379,0.044002759,0.012156695,0.034829303,0.072119777,1.13885108,0.663322954,0.01417038,11.07206999,915860,319175,93.22821501,32.48980797,MAINE,ME,435072,360737,795809,0.546704046,0.453295954,9.340809164,Democratic,54.67040458,45.32959542,51.59679113,48.40320887,3.073613453,-3.073613453,6.147226906
23,Maine,ME,2023,1377400,44.8,1248450,23145,28609,8327,6820,1330,385,278,916,224,700,766,15318,6237,276,71773,42035,1338071,144263,1016630,163577,30316,60117,47265,100803,37234,12898,8840,146666,30474,64532,58329,122910,58571,10425,7642,2024,2.9,90.63815885,1.680339771,2.077029185,0.604544795,0.495135763,0.096558734,0.027951212,0.020182953,0.066502105,0.016262524,0.050820386,0.055612023,1.112095252,0.452809641,0.020037752,10.78141593,960599,359323,94.48855532,35.34452062,MAINE,ME,435652,377977,813629,0.535443058,0.464556942,7.08861164,Democratic,53.54430582,46.45569418,54.67040458,45.32959542,-1.126098762,1.126098762,-2.252197524
26,Michigan,MI,2011,9920621,38.5,7609623,1395245,432043,320885,36318,9533,2187,1201,3542,776,8985,3963,244623,54638,2690,48669,25482,9697212,1518458,6566864,981042,242114,502293,223292,493863,212902,69136,40732,1060826,278349,538881,317225,527623,253622,40058,21596,2012,10,76.70510747,14.06408933,4.354999551,3.234525339,0.366085954,0.096092775,0.022044991,0.012106097,0.03570341,0.007822091,0.090568927,0.039947096,2.4658033,0.550751813,0.027115238,15.65870685,5803554,1659532,88.37633915,25.27130149,MICHIGAN,MI,2564569,2115256,4679825,0.548005321,0.451994679,9.601064142,Democratic,54.80053207,45.19946793,58.37130158,41.62869842,-3.570769505,3.570769505,-7.14153901
26,Michigan,MI,2015,9900571,39.5,7513622,1381388,467021,343997,43770,10158,2975,1569,5118,837,11865,5685,268766,53951,2083,49576,26607,9678203,1616870,6652665,974381,239959,519135,247759,523862,227177,67364,45406,1014001,269657,554985,347439,571074,285778,42958,28273,2016,5.4,75.89079458,13.9526094,4.717111771,3.474516773,0.442095713,0.102600143,0.030048772,0.015847571,0.051693988,0.008454058,0.119841573,0.057420931,2.714651508,0.544928166,0.021039191,16.70630385,5959208,1791892,89.57625252,26.93495013,MICHIGAN,MI,2268839,2279543,4548382,0.498823318,0.501176682,-0.235336434,Republican,49.88233178,50.11766822,54.80053207,45.19946793,-4.918200288,4.918200288,-9.836400576
26,Michigan,MI,2020,9973907,39.8,7428622,1360149,521203,371361,48389,13791,5054,2550,4681,1358,13074,7373,316844,50035,3117,59234,32854,9753541,1337256,6853674,982549,252925,518240,270875,594043,260942,75360,49307,973105,274644,541840,388052,657074,331363,52634,34408,2020,4.1,74.48056213,13.63707322,5.225665329,3.723325273,0.485155917,0.13827079,0.050672219,0.025566711,0.046932461,0.013615527,0.131082032,0.073922887,3.176729039,0.501658979,0.031251545,13.71046679,6257361,2055131,91.29936732,29.9858295,MICHIGAN,MI,2804040,2649852,5453892,0.514135593,0.485864407,2.827118689,Democratic,51.41355934,48.58644066,49.88233178,50.11766822,1.531227561,-1.531227561,3.062455123
26,Michigan,MI,2023,10051595,40.1,7333936,1346689,576808,398320,52550,18311,6290,3564,6093,1561,14107,8238,329676,46010,2670,71149,39538,9842260,1284470,6967452,1004724,260935,498795,285598,640169,281548,76266,53604,959814,276058,511553,391969,703342,361522,57448,39205,2024,3.9,72.96290788,13.39776424,5.738472352,3.96275417,0.5228026,0.182170093,0.062577133,0.035457059,0.060617245,0.015529874,0.140345885,0.081957142,3.279837678,0.457738299,0.026562948,13.05055953,6402550,2213104,91.89227281,31.76346245,MICHIGAN,MI,2736533,2816636,5553169,0.492787632,0.507212368,-1.442473658,Republican,49.27876317,50.72123683,51.41355934,48.58644066,-2.134796173,2.134796173,-4.269592347
27,Minnesota,MN,2011,5278190,37.3,4404588,264751,242956,175394,11808,3068,3025,1143,7264,1349,6435,1123,208315,57271,2129,58476,30310,5155949,565154,3490475,479030,107330,266228,157491,359342,115815,44355,24450,480924,130471,280650,185614,390848,130649,28969,14853,2012,6.5,83.44883379,5.015942965,4.603017322,3.322995193,0.223713053,0.058125986,0.057311313,0.021655151,0.137622935,0.025558004,0.121916793,0.021276233,3.946712794,1.085049989,0.040335797,10.96120229,3197019,1109281,91.59266289,31.78023048,MINNESOTA,MN,1546167,1320225,2866392,0.539412265,0.460587735,7.882452923,Democratic,53.94122646,46.05877354,55.229375,44.770625,-1.288148534,1.288148534,-2.576297067
27,Minnesota,MN,2015,5419171,37.7,4427809,299176,270984,189743,13075,4098,5134,958,9396,1423,8161,1854,240786,56561,1970,61492,32157,5295613,596662,3632992,484953,112146,272643,178585,389379,126165,44700,27900,461733,132559,278698,211657,428936,157945,30797,19423,2016,3.8,81.70639015,5.5206968,5.000469629,3.501328893,0.241273066,0.075620422,0.094737738,0.017677981,0.173384453,0.026258629,0.15059499,0.034211875,4.443225726,1.043720525,0.036352424,11.26709977,3358219,1225245,92.43672984,33.72550779,MINNESOTA,MN,1367705,1322949,2690654,0.508316937,0.491683063,1.663387414,Democratic,50.83169371,49.16830629,53.94122646,46.05877354,-3.109532755,3.109532755,-6.219065509
27,Minnesota,MN,2020,5600166,38.1,4422490,359817,307675,204270,15891,5720,4918,2228,12216,2137,10698,3239,275242,54558,2201,73382,38881,5476956,511185,3802438,482066,117781,272232,203964,436916,147690,47623,30826,439132,132507,266906,236944,482143,191527,36506,25344,2020,3.3,78.9706948,6.425113113,5.49403357,3.647570447,0.283759446,0.102139829,0.087818825,0.039784535,0.218136391,0.038159583,0.191030052,0.057837571,4.914890023,0.974221121,0.039302406,9.333377884,3550107,1398575,93.36396806,36.78100734,MINNESOTA,MN,1717077,1484065,3201142,0.536395136,0.463604864,7.279027297,Democratic,53.63951365,46.36048635,50.83169371,49.16830629,2.807819941,-2.807819941,5.615639883
27,Minnesota,MN,2023,5713716,38.6,4383717,388789,353608,222290,17869,6846,7057,3373,13953,3270,11751,3978,289148,50833,2376,87556,46957,5591806,514300,3897590,493025,123523,261690,215398,471500,161305,49970,33444,423719,130018,255103,242104,513248,212493,41064,30350,2024,2.8,76.72269675,6.804485907,6.188757019,3.890462879,0.31273868,0.119816946,0.123509814,0.059033386,0.244201847,0.057230706,0.205663005,0.069621941,5.060594541,0.8896662,0.041584146,9.197386318,3657954,1513374,93.85168784,38.82845553,MINNESOTA,MN,1656979,1519032,3176011,0.521717022,0.478282978,4.343404352,Democratic,52.17170218,47.82829782,53.63951365,46.36048635,-1.467811472,1.467811472,-2.935622945
29,Missouri,MO,2011,5955802,37.7,4829636,686044,206777,145652,12760,5029,2889,793,5195,1073,6784,1588,93632,22509,5725,47202,25371,5777117,828615,3943728,621762,129507,283460,115023,304491,115497,40499,24961,645309,162588,313207,150548,326065,151181,24559,14691,2012,8.6,81.09127872,11.51891886,3.471858198,2.445548055,0.214244866,0.08443867,0.048507321,0.013314748,0.087225868,0.018016046,0.113905734,0.026663076,1.572114049,0.377933988,0.096124754,14.34305381,3423348,1001944,86.80487092,25.40601177,MISSOURI,MO,1223796,1482440,2706236,0.452213332,0.547786668,-9.557333507,Republican,45.22133325,54.77866675,49.93242085,50.06757915,-4.711087604,4.711087604,-9.422175207
29,Missouri,MO,2015,6045448,38.2,4849886,697022,233046,160338,15117,6468,3758,1445,6062,1860,8243,2078,106537,24951,6161,48173,26259,5863113,915972,4052300,631627,135953,295177,128174,324302,126533,40373,27633,635293,160222,325665,171463,361152,173660,27016,18240,2016,5.1,80.22376505,11.5296997,3.854900414,2.65221039,0.25005591,0.10698959,0.062162473,0.023902282,0.100273793,0.030766951,0.136350524,0.03437297,1.762268073,0.412723755,0.101911389,15.62262232,3582483,1098909,88.4061644,27.11815512,MISSOURI,MO,1071068,1594511,2665579,0.40181439,0.59818561,-19.63712199,Republican,40.181439,59.818561,45.22133325,54.77866675,-5.039894242,5.039894242,-10.07978848
29,Missouri,MO,2020,6124160,38.7,4826943,698043,262677,176154,18141,7460,5655,2083,7078,1534,9365,2126,123810,24274,8887,57290,31839,5942813,772992,4176792,649359,140894,291426,143272,363832,142611,44035,30337,626628,163754,324441,193389,406427,208364,32197,22781,2020,3.2,78.81804198,11.39818359,4.289192314,2.876378148,0.296220216,0.121812624,0.092339194,0.034012828,0.115575034,0.025048333,0.152918931,0.034714965,2.021665012,0.396364563,0.145113779,13.00717354,3783747,1250584,90.58978757,29.94125635,MISSOURI,MO,1253014,1718736,2971750,0.421641794,0.578358206,-15.67164129,Republican,42.16417936,57.83582064,40.181439,59.818561,1.982740351,-1.982740351,3.965480702
29,Missouri,MO,2023,6168181,38.9,4737581,686616,311924,195110,22782,8750,9183,2238,10588,1652,12651,2958,127846,16830,9681,68920,38497,5994199,756528,4217432,662163,141130,278322,151285,390725,155256,46170,31534,617279,165400,302206,199685,433972,225273,36658,25642,2024,3,76.80677658,11.13157996,5.056985195,3.163169174,0.369347138,0.141857056,0.148876954,0.036282982,0.171655144,0.026782612,0.205100985,0.047955791,2.072669398,0.272851915,0.156950647,12.62100241,3862700,1345230,91.58891003,31.8968984,MISSOURI,MO,1200599,1751986,2952585,0.406626397,0.593373603,-18.67472063,Republican,40.66263969,59.33736031,42.16417936,57.83582064,-1.501539669,1.501539669,-3.003079337
28,Mississippi,MS,2011,2956700,35.9,1722204,1094596,75626,51072,5469,1876,2125,319,1182,343,2233,585,25807,13775,579,38718,20521,2860440,617805,1892687,283251,48627,145069,57102,107140,35581,15580,10419,296309,61449,166524,90290,131679,57107,9263,5357,2012,9.8,58.24750567,37.02086786,2.557784016,1.727331146,0.18496973,0.063449116,0.071870667,0.010789055,0.039977001,0.011600771,0.075523388,0.019785572,0.872831197,0.465891027,0.019582643,21.59825062,1520747,372126,80.34857322,19.66125408,MISSISSIPPI,MS,562949,710746,1273695,0.441981008,0.558018992,-11.6037984,Republican,44.1981008,55.8018992,43.35806901,56.64193099,0.840031794,-0.840031794,1.680063588
28,Mississippi,MS,2015,2988081,36.5,1714674,1116457,86507,56379,8745,1619,3019,442,1815,542,3106,1032,28900,12896,409,39665,21057,2890915,651545,1940365,293227,51289,153014,63521,111579,39793,14548,10742,294359,60313,177862,103204,139651,67184,10492,7011,2016,6.5,57.38378578,37.36367923,2.895068775,1.886796241,0.292662749,0.054181931,0.101034744,0.014792102,0.060741325,0.018138732,0.103946312,0.034537216,0.967175923,0.431581339,0.013687715,22.53767406,1597789,401000,82.34476503,20.66621486,MISSISSIPPI,MS,485131,700714,1185845,0.409101527,0.590898473,-18.17969465,Republican,40.91015268,59.08984732,44.1981008,55.8018992,-3.287948125,3.287948125,-6.575896251
28,Mississippi,MS,2020,2981835,37.7,1680938,1123545,94342,54717,9927,3537,2999,435,836,774,5155,2001,29742,13951,1215,46511,25444,2883074,564439,1983112,302749,55135,148358,82419,118293,43995,16463,10896,294165,63949,173267,120836,156273,82388,13445,9446,2020,5.5,56.37260278,37.67965028,3.163890691,1.835010992,0.332915805,0.118618233,0.100575652,0.014588332,0.028036427,0.025957171,0.172880122,0.067106329,0.997439496,0.467866264,0.040746721,19.57767993,1692077,451199,85.32432863,22.75206847,MISSISSIPPI,MS,539398,756764,1296162,0.416150142,0.583849858,-16.76997165,Republican,41.61501417,58.38498583,40.91015268,59.08984732,0.704861497,-0.704861497,1.409722993
28,Mississippi,MS,2023,2951438,38.4,1636190,1090777,106126,56819,9895,3125,6560,625,1737,922,6563,1994,28918,13181,1411,54915,30529,2851847,543697,1970298,304167,59992,139901,86815,124132,46269,16087,11886,285058,66179,163451,125472,166001,87695,13299,10628,2024,3.2,55.43704459,36.95747632,3.595738755,1.925129378,0.335260304,0.105880591,0.222264537,0.021176118,0.058852668,0.03123901,0.222366182,0.067560288,0.979793579,0.446595863,0.047807204,19.06473243,1707032,475997,86.63826487,24.15862981,MISSISSIPPI,MS,466668,747744,1214412,0.384274859,0.615725141,-23.14502821,Republican,38.42748589,61.57251411,41.61501417,58.38498583,-3.187528278,3.187528278,-6.375056556
30,Montana,MT,2011,982854,39.8,863867,4403,28368,20204,1326,534,22,74,58,182,197,33,5999,61399,664,45324,24640,958682,139904,663484,104064,20054,58211,23897,60824,19145,7322,4908,100124,23923,60542,28867,67912,19786,4322,2578,2012,6.6,87.89372582,0.447981084,2.886288299,2.055646108,0.134913222,0.054331569,0.002238379,0.007529094,0.005901182,0.018517501,0.020043669,0.003357569,0.610365324,6.247011255,0.067558356,14.59336881,606479,186797,91.4082329,28.15395699,MONTANA,MT,201839,267928,469767,0.429657681,0.570342319,-14.06846373,Republican,42.96576814,57.03423186,48.83059672,51.16940328,-5.86482858,5.86482858,-11.72965716
30,Montana,MT,2015,1014699,39.7,882585,4757,33622,23385,2233,638,145,70,301,46,258,111,7187,65693,848,47169,26381,989932,150586,690448,107946,22386,61014,26071,65635,20745,7019,5379,100080,24939,62840,31823,72464,24191,4848,3167,2016,4.3,86.97998126,0.468808977,3.313494938,2.304624327,0.220065261,0.062875789,0.014289952,0.006898598,0.029663969,0.004533364,0.025426259,0.010939205,0.708288862,6.474136665,0.083571581,15.21175192,640547,203448,92.77266355,29.46608579,MONTANA,MT,177709,279240,456949,0.388903357,0.611096643,-22.21932863,Republican,38.89033568,61.10966432,42.96576814,57.03423186,-4.075432453,4.075432453,-8.150864906
30,Montana,MT,2020,1061705,40.1,908782,5919,41501,28858,2241,1043,481,387,91,212,293,498,8664,65523,595,56539,32463,1036490,132476,734688,108679,24204,59104,31091,77925,24002,9187,5979,97527,25602,62579,38178,85258,30747,6282,4116,2020,3.5,85.59646983,0.557499494,3.908901248,2.718080823,0.211075581,0.098238211,0.045304487,0.036450803,0.008571119,0.019967882,0.02759712,0.046905685,0.816045888,6.171488314,0.056041933,12.78121352,690460,243496,93.98002962,33.14277625,MONTANA,MT,244786,343602,588388,0.416028199,0.583971801,-16.79436018,Republican,41.60281991,58.39718009,38.89033568,61.10966432,2.712484225,-2.712484225,5.42496845
30,Montana,MT,2023,1105072,40.2,929206,6015,48519,32227,2633,1020,321,516,186,367,288,69,9197,63108,485,69922,39842,1079200,129998,770335,114896,25671,59678,34452,85174,26576,9430,6888,99863,27173,60384,40330,90758,34264,7092,5884,2024,2.9,84.08556185,0.544308425,4.390573646,2.916280568,0.238265018,0.092301678,0.029047881,0.04669379,0.016831482,0.033210506,0.02606165,0.006243937,0.832253464,5.710759118,0.043888543,12.04577465,728513,266066,94.57093343,34.53899927,MONTANA,MT,231906,352079,583985,0.397109515,0.602890485,-20.57809704,Republican,39.71095148,60.28904852,41.60281991,58.39718009,-1.891868428,1.891868428,-3.783736856
37,North Carolina,NC,2011,9418736,37.3,6183777,2016228,764707,473528,69725,17510,32515,4704,41186,5250,22936,14232,202815,108960,4725,46291,25256,9162147,1473556,6229136,844747,175109,425355,212020,508258,168821,57277,43868,881005,226157,504218,317101,591373,221583,36275,25334,2012,10.3,65.65400071,21.40656666,8.118998133,5.027511123,0.7402798,0.185906049,0.345216173,0.049943007,0.437277359,0.055739963,0.243514629,0.151103078,2.153314415,1.156843126,0.050165967,16.0830862,5238501,1652789,84.09675114,26.53319818,NORTH CAROLINA,NC,2178391,2270395,4448786,0.489659651,0.510340349,-2.068069806,Republican,48.9659651,51.0340349,50.1659633,49.8340367,-1.199998203,1.199998203,-2.399996406
37,North Carolina,NC,2015,9845333,38,6324373,2115338,869908,518249,87863,21557,39533,5609,51678,6135,31216,18006,244076,116143,6244,46868,25920,9592619,1667465,6582301,872739,189482,465250,234499,554161,198701,60058,49561,883256,233163,547982,354900,659426,268818,41256,34784,2016,5.7,64.23726856,21.48569276,8.835739736,5.263905243,0.892432993,0.218956535,0.401540507,0.056971156,0.524898447,0.062313789,0.317063933,0.182888684,2.479103551,1.17967569,0.063420912,17.38279192,5648036,1866765,85.80640721,28.36037124,NORTH CAROLINA,NC,2189316,2362631,4551947,0.480962542,0.519037458,-3.807491607,Republican,48.0962542,51.9037458,48.9659651,51.0340349,-0.869710901,0.869710901,-1.739421801
37,North Carolina,NC,2020,10386227,38.9,6503292,2217522,991051,542666,112634,29804,51251,7896,53914,7402,31590,29809,308958,120272,7368,56642,31993,10098330,1411939,7096773,908568,204599,493413,282053,662302,246546,74139,55276,897835,239408,562596,419195,786670,349598,57294,42065,2020,3.9,62.61457601,21.3506021,9.541973231,5.224861733,1.084455404,0.286956948,0.493451568,0.076023757,0.519091293,0.071267458,0.304152798,0.287005089,2.974689461,1.157995103,0.070940102,13.98190592,6281557,2273890,88.51286352,32.04118266,NORTH CAROLINA,NC,2684292,2758773,5443065,0.493158175,0.506841825,-1.368365066,Republican,49.31581747,50.68418253,48.0962542,51.9037458,1.219563271,-1.219563271,2.439126541
37,North Carolina,NC,2023,10584340,39.1,6419285,2178329,1158750,586611,130892,33272,72730,15846,66515,8450,46434,36828,333844,110873,6153,69904,39616,10297193,1355827,7261810,929636,213675,471883,301549,729714,281719,78845,60101,882892,242763,524033,429445,852995,399702,66028,52249,2024,3.5,60.64889261,20.58067863,10.94777757,5.542253934,1.236657175,0.314351202,0.687147238,0.149711744,0.628428414,0.079834926,0.438704728,0.347948006,3.154131481,1.04751926,0.058133053,13.16695725,6517229,2521353,89.74661964,34.7207239,NORTH CAROLINA,NC,2715375,2898423,5613798,0.483696599,0.516303401,-3.260680203,Republican,48.3696599,51.6303401,49.31581747,50.68418253,-0.946157568,0.946157568,-1.892315136
38,North Dakota,ND,2011,666783,37.1,594594,7231,13210,9955,1017,129,8,109,189,47,27,53,6693,35544,348,49415,27305,643465,78888,435706,61910,13492,36891,26395,38862,9578,3546,2490,57654,15187,37627,27360,46631,11452,1838,1273,2012,3.3,89.17353922,1.084460762,1.981154289,1.492989473,0.152523385,0.019346624,0.001199791,0.016347147,0.028345054,0.00704877,0.004049293,0.007948613,1.003774841,5.330669798,0.052190893,12.25987427,392186,115670,90.01161334,26.54771796,NORTH DAKOTA,ND,124966,188320,313286,0.398887917,0.601112083,-20.22241658,Republican,39.88879171,60.11120829,45.59134372,54.40865628,-5.702552007,5.702552007,-11.40510401
38,North Dakota,ND,2015,721640,35.4,628158,11872,20569,14964,1412,362,58,87,180,39,328,157,8979,38286,304,57181,32035,696195,79758,468030,68570,15892,39388,30837,42412,10287,4181,3346,59678,14807,39504,31115,51534,13642,2128,2004,2016,2.8,87.04589546,1.645141622,2.850313176,2.07361011,0.195665429,0.050163516,0.008037248,0.012055873,0.024943185,0.005404357,0.045452026,0.021756,1.24424921,5.305415443,0.042126268,11.45627303,429325,129534,91.73023097,27.676431,NORTH DAKOTA,ND,93758,216794,310552,0.301907571,0.698092429,-39.61848579,Republican,30.1907571,69.8092429,39.88879171,60.11120829,-9.698034608,9.698034608,-19.39606922
38,North Dakota,ND,2020,760394,35.2,636284,23959,30325,19558,3507,190,143,10,361,251,134,486,11979,39165,1004,65315,36289,735842,77491,497525,71024,16527,41423,34835,50527,12722,3992,2685,58813,15366,37165,35411,59435,18132,2843,2317,2020,2.2,83.67819841,3.150866524,3.988064083,2.572087628,0.461208268,0.024987046,0.01880604,0.001315108,0.047475388,0.033009203,0.017622443,0.063914234,1.575367507,5.150619284,0.132036812,10.53092919,463217,152653,93.10426612,30.68247827,NORTH DAKOTA,ND,114902,235595,350497,0.327825916,0.672174084,-34.43481685,Republican,32.78259158,67.21740842,30.1907571,69.8092429,2.591834474,-2.591834474,5.183668947
38,North Dakota,ND,2023,779361,35.7,643154,25209,34963,21076,4118,291,268,30,718,250,352,311,12187,34916,1127,75949,42474,752523,79628,509149,71568,18317,41337,35284,53016,15190,4176,3413,59195,15968,35464,36220,62332,20109,2931,3211,2024,1.9,82.52324661,3.234572939,4.486111058,2.704266701,0.528381584,0.037338281,0.034387145,0.003849307,0.092126755,0.032077561,0.045165206,0.039904486,1.563716942,4.480080476,0.144605645,10.5814706,477731,164378,93.82931126,32.28485178,NORTH DAKOTA,ND,112327,246505,358832,0.313035069,0.686964931,-37.39298613,Republican,31.30350693,68.69649307,32.78259158,67.21740842,-1.479084643,1.479084643,-2.958169287
31,Nebraska,NE,2011,1813061,36.3,1498016,79828,159550,126508,2870,1594,1872,341,7022,678,8611,438,30637,15858,1263,50695,26113,1758705,211752,1173189,168631,41857,90685,51226,106399,31754,13147,8216,173853,49474,100204,56792,115805,38903,7600,4816,2012,4.4,82.6235852,4.402940662,8.800034858,6.977592039,0.158295832,0.087917616,0.103250801,0.018807972,0.387300813,0.037395322,0.474942652,0.02415804,1.689794221,0.874653418,0.069661197,12.04022278,1059362,326640,90.29764173,27.84206125,NEBRASKA,NE,302081,475064,777145,0.388706097,0.611293903,-22.25878054,Republican,38.87060973,61.12939027,42.39092558,57.60907442,-3.520315846,3.520315846,-7.040631692
31,Nebraska,NE,2015,1869365,36.2,1509631,88195,186268,144416,4243,3651,2051,700,7644,390,12032,424,38066,16319,1280,52997,27882,1815585,231115,1215400,168224,43659,93491,58195,113184,35453,12896,8897,166225,51109,102619,62568,124974,46776,7898,5758,2016,3,80.75635309,4.717912232,9.964239194,7.725404081,0.22697547,0.195306963,0.109716401,0.037445871,0.408908908,0.020862699,0.643641022,0.022681499,2.036306446,0.872970233,0.068472449,12.72950592,1101926,355836,90.66364983,29.27727497,NEBRASKA,NE,284494,495961,780455,0.364523259,0.635476741,-27.09534823,Republican,36.45232589,63.54767411,38.87060973,61.12939027,-2.418283845,2.418283845,-4.83656769
31,Nebraska,NE,2020,1923826,36.6,1507127,91896,214952,155339,5967,5405,3578,955,7527,417,16990,849,47944,16875,1235,63015,33205,1869467,193820,1259540,167268,43710,92575,67094,125293,43252,13742,9313,156830,50529,98524,67511,144019,56434,9858,7404,2020,3.1,78.34008897,4.776731368,11.17315183,8.074482827,0.310163185,0.280950564,0.185983556,0.049640664,0.3912516,0.021675557,0.883136001,0.04413081,2.49211727,0.877158329,0.064194995,10.36766094,1153356,409315,91.56962066,32.49718151,NEBRASKA,NE,374583,556846,931429,0.402159478,0.597840522,-19.56810449,Republican,40.21594775,59.78405225,36.45232589,63.54767411,3.763621867,-3.763621867,7.527243733
31,Nebraska,NE,2023,1965926,37.1,1498458,93595,242226,168586,6681,6419,5136,879,10410,1113,19839,1483,49107,19581,933,74985,40637,1916409,197300,1290256,170415,47749,90217,69543,135910,46793,14752,9443,153838,51110,93050,71844,150471,62359,11431,9075,2024,2.3,76.22148545,4.760860785,12.32121657,8.575399074,0.339839852,0.326512799,0.261250932,0.044711754,0.529521457,0.056614542,1.009142765,0.075435189,2.497906839,0.996019179,0.047458551,10.29529709,1188000,440234,92.07475106,34.11989559,NEBRASKA,NE,369995,564816,934811,0.395796583,0.604203417,-20.8406833,Republican,39.57965835,60.42034165,40.21594775,59.78405225,-0.636289405,0.636289405,-1.272578811
33,New Hampshire,NH,2011,1315911,40.7,1216365,14520,36452,8387,11021,1483,649,220,892,150,739,3367,27702,2688,296,64664,32357,1275969,101634,901420,131568,24699,56844,35709,91243,38083,9582,7258,134540,29789,60515,50239,98243,43461,6447,4103,2012,5.5,92.43520268,1.103418088,2.770096154,0.637353134,0.837518647,0.112697591,0.049319445,0.016718456,0.067785739,0.011398947,0.056158813,0.255868368,2.105157568,0.204269134,0.022493922,7.965240535,822323,298420,91.22528899,33.10554459,NEW HAMPSHIRE,NH,369561,329918,699479,0.52833752,0.47166248,5.667503957,Democratic,52.83375198,47.16624802,54.86854112,45.13145888,-2.034789142,2.034789142,-4.069578284
33,New Hampshire,NH,2015,1324201,42.2,1210369,17439,42141,10002,12729,1730,901,294,1206,178,1417,4578,31364,2238,228,66779,34362,1283292,113840,925145,134896,26082,57843,37560,97130,40200,9278,8348,131547,30381,61910,51121,104918,50634,6831,5407,2016,3.4,91.40372194,1.316945086,3.18237186,0.755323399,0.961258903,0.130644819,0.06804103,0.022202068,0.091073787,0.013442068,0.107007924,0.345717908,2.368522603,0.169007575,0.01721793,8.870935064,854086,322746,92.31914997,34.88599084,NEW HAMPSHIRE,NH,348526,345790,694316,0.501970284,0.498029716,0.394056885,Democratic,50.19702844,49.80297156,52.83375198,47.16624802,-2.636723536,2.636723536,-5.273447072
33,New Hampshire,NH,2020,1355244,43,1214029,21045,52792,9190,16894,2273,1420,241,1251,300,830,9123,36581,2197,424,77923,41234,1312770,97418,971162,137654,28625,54592,43726,108179,45882,10841,8643,127299,30926,60558,57642,115635,60655,8552,6298,2020,2.6,89.58010513,1.552856903,3.895387104,0.678106673,1.246565194,0.167718876,0.10477818,0.017782776,0.092308101,0.022136235,0.061243584,0.673162914,2.699218738,0.162111029,0.031285879,7.420797246,905707,364685,93.2601358,37.55140749,NEW HAMPSHIRE,NH,424921,365654,790575,0.537483477,0.462516523,7.496695443,Democratic,53.74834772,46.25165228,50.19702844,49.80297156,3.551319279,-3.551319279,7.102638558
33,New Hampshire,NH,2023,1387834,43.2,1214784,21164,62758,10743,20209,1932,2394,337,2234,575,1328,10800,35818,1923,283,95628,50867,1347951,96457,1009222,144515,30271,54365,43372,119946,51460,11235,9504,128043,31504,58145,57172,123555,68785,9502,7851,2024,2.2,87.53092949,1.524966242,4.522010557,0.774083932,1.456153978,0.139209733,0.172499016,0.024282443,0.16097026,0.041431468,0.095688677,0.778191052,2.580856212,0.13856124,0.020391488,7.155823913,949225,401838,94.05512365,39.81661121,NEW HAMPSHIRE,NH,418488,395523,814011,0.514106075,0.485893925,2.821214947,Democratic,51.41060747,48.58939253,53.74834772,46.25165228,-2.337740248,2.337740248,-4.675480496
34,New Jersey,NJ,2011,8753064,38.7,5243145,1180649,1512251,207069,438789,86617,35732,6800,55867,9050,46405,190915,714890,20490,2112,71180,35678,8577556,805170,5926262,809442,139358,339058,147919,617379,263750,85919,51633,942318,163368,362182,217842,676870,292709,55902,28300,2012,9.4,59.90068164,13.48840817,17.27681872,2.365674466,5.012976028,0.989562055,0.408222766,0.077687082,0.638256501,0.103392366,0.530157211,2.181121948,8.167311469,0.234089457,0.024128694,9.38693959,5193949,2072462,87.64291893,34.97081297,NEW JERSEY,NJ,2122786,1478088,3600874,0.589519656,0.410480344,17.9039311,Democratic,58.95196555,41.04803445,57.86462987,42.13537013,1.087335679,-1.087335679,2.174671358
34,New Jersey,NJ,2015,8904413,39.4,5093430,1202300,1688008,231902,471035,90069,44184,9077,67299,10280,56805,243255,804989,18335,2808,72093,36582,8728868,944847,6091495,826151,143462,351103,157032,661171,281085,87384,55119,915411,164262,370748,228017,726030,334661,60793,35613,2016,5.7,57.20118777,13.50229375,18.95698234,2.604349102,5.289905129,1.011509686,0.496203399,0.101938219,0.755793784,0.115448374,0.637942108,2.73184768,9.040337639,0.205909137,0.031534925,10.82439327,5398042,2241856,88.61604581,36.80305081,NEW JERSEY,NJ,2148278,1601933,3750211,0.572841901,0.427158099,14.56838029,Democratic,57.28419014,42.71580986,58.95196555,41.04803445,-1.667775408,1.667775408,-3.335550815
34,New Jersey,NJ,2020,8885418,40,4858807,1189681,1815078,215699,465653,93139,46976,12723,73605,9209,61652,305336,857873,22288,3156,85245,44153,8713792,842704,6169501,797490,149796,341927,170247,718302,321948,96771,58362,852363,166728,337803,239324,811848,391081,71456,43294,2020,3.5,54.68293107,13.38913937,20.42760397,2.427561652,5.24064259,1.048223055,0.528686439,0.143189662,0.828379712,0.10364172,0.693855933,3.436371817,9.654841224,0.250837946,0.035518869,9.670921684,5568740,2513062,90.26240534,40.7336347,NEW JERSEY,NJ,2608335,1883274,4491609,0.580712836,0.419287164,16.14256717,Democratic,58.07128359,41.92871641,57.28419014,42.71580986,0.787093444,-0.787093444,1.574186888
34,New Jersey,NJ,2023,9267014,40.1,4813341,1201053,2032968,235772,474542,94084,59231,17295,85853,11566,79402,367576,918644,41900,2658,101050,53118,9101339,889287,6459220,821904,160915,328735,185415,794710,360372,103573,63128,841079,178692,321321,248737,871924,448108,78963,50908,2024,4.4,51.94058194,12.96051781,21.93768133,2.544206796,5.120764898,1.01525691,0.639159496,0.186629695,0.926436498,0.124808272,0.856824,3.96649881,9.913052899,0.452141326,0.028682378,9.77094689,5858484,2771686,90.69955815,42.91053719,NEW JERSEY,NJ,2220713,1968215,4188928,0.530138737,0.469861263,6.027747433,Democratic,53.01387372,46.98612628,58.07128359,41.92871641,-5.05740987,5.05740987,-10.11481974
35,New Mexico,NM,2011,2037136,36.5,832435,41082,934301,559515,6984,4200,832,276,1883,133,3025,497,27214,188613,1157,44631,23537,1994808,378301,1316741,174374,36325,107856,42889,91223,43533,13139,14820,176793,45659,121183,53516,101686,54548,8380,7700,2012,7.2,40.86300571,2.016654755,45.86345732,27.46576566,0.342834254,0.206171802,0.040841652,0.013548433,0.092433691,0.006528774,0.148492786,0.024396997,1.3358951,9.25873383,0.056795423,18.96428127,1093624,335029,83.05536168,25.44380406,NEW MEXICO,NM,415335,335788,751123,0.552952046,0.447047954,10.59040929,Democratic,55.29520465,44.70479535,57.66490002,42.33509998,-2.369695372,2.369695372,-4.739390744
35,New Mexico,NM,2015,2084117,37,817048,43738,986972,639243,8059,4589,1262,368,2574,395,3053,1080,28761,190528,1276,44963,24012,2043677,429361,1367822,184394,37776,114965,46557,94181,47709,12328,16016,176930,43567,126340,60658,108117,63079,9406,9239,2016,6.6,39.20355719,2.098634578,47.35684225,30.67212637,0.386686544,0.220189174,0.060553222,0.017657358,0.123505542,0.018952871,0.146488897,0.051820507,1.380008896,9.141905181,0.06122497,21.00923972,1151262,360075,84.16753057,26.32469722,NEW MEXICO,NM,385234,319667,704901,0.546507949,0.453492051,9.301589869,Democratic,54.65079493,45.34920507,55.29520465,44.70479535,-0.644409713,0.644409713,-1.288819425
35,New Mexico,NM,2020,2097021,38.1,769139,43476,1031788,668593,9934,5074,1098,694,2303,879,2554,1811,33695,195166,1853,51243,27945,2053909,381026,1415298,191531,41217,117431,54290,102988,51694,14115,15671,178594,48072,124371,70428,120887,71974,11384,9575,2020,5,36.6776966,2.073226734,49.20255925,31.8829902,0.473719624,0.241962288,0.052359991,0.033094566,0.109822458,0.041916605,0.121791818,0.086360604,1.606803175,9.306821439,0.088363445,18.55126006,1224222,398288,86.49923903,28.14163519,NEW MEXICO,NM,501614,401894,903508,0.555184902,0.444815098,11.0369803,Democratic,55.51849015,44.48150985,54.65079493,45.34920507,0.867695217,-0.867695217,1.735390435
35,New Mexico,NM,2023,2114768,39.2,772482,44709,1018321,675404,11416,5683,1339,813,3453,804,3274,2839,36065,201346,2049,62125,34823,2073857,375381,1450999,196694,44576,115300,60010,109061,58263,15537,18627,176636,49658,118161,73590,131673,80626,13237,11204,2024,3.8,36.52797848,2.114132614,48.15284703,31.93749858,0.539822808,0.268729241,0.063316638,0.038443933,0.163280322,0.038018355,0.154816037,0.134246404,1.705388014,9.520949816,0.096890061,18.10062121,1272853,438228,87.72252772,30.20181268,NEW MEXICO,NM,478802,423391,902193,0.530709061,0.469290939,6.141812229,Democratic,53.07090611,46.92909389,55.51849015,44.48150985,-2.447584037,2.447584037,-4.895168075
32,Nevada,NV,2011,2673396,36.1,1466177,214360,698713,545171,20913,19920,4133,733,30614,4689,14810,2680,190079,29344,16391,55553,27625,2634630,340903,1764861,258524,61190,162417,61143,131000,42724,17531,8742,256411,70091,158979,66596,128287,46971,11512,4431,2012,13.3,54.84324058,8.018265906,26.13578385,20.39245215,0.782263458,0.74511969,0.154597374,0.02741831,1.145135251,0.175394891,0.553977039,0.100247027,7.110020364,1.09763013,0.613115304,12.93931216,1486549,391198,84.23037282,22.16593828,NEVADA,NV,531373,463567,994940,0.534075422,0.465924578,6.815084327,Democratic,53.40754216,46.59245784,56.38673813,43.61326187,-2.979195962,2.979195962,-5.958391924
32,Nevada,NV,2015,2798636,37.2,1455277,235721,770553,590272,24374,23880,5690,808,38998,5523,17047,3374,214846,31393,17942,51847,26541,2759180,426337,1884237,268522,65712,177719,69135,142530,47350,17680,10221,263593,74259,172197,78705,142980,54893,11792,6052,2016,6.8,51.99950976,8.422710206,27.53316258,21.09141739,0.870924265,0.853272809,0.203313328,0.028871207,1.393464531,0.197346136,0.609118156,0.120558729,7.676811132,1.121725012,0.641098021,15.45158344,1603340,433498,85.09226812,23.00655385,NEVADA,NV,539260,512058,1051318,0.512937094,0.487062906,2.58741884,Democratic,51.29370942,48.70629058,53.40754216,46.59245784,-2.113832743,2.113832743,-4.227665487
32,Nevada,NV,2020,3030281,38.2,1460159,282722,875798,656491,28384,34910,6386,2713,41871,5985,22377,4408,252314,37715,21398,62043,32629,2987817,381695,2093820,299153,76322,183776,82096,169425,58256,21644,11802,285545,83257,182612,94063,179080,70468,13945,8377,2020,4.1,48.18559731,9.329893828,28.90154411,21.6643605,0.93667881,1.152038375,0.210739532,0.089529651,1.381753045,0.197506436,0.738446369,0.145465058,8.326422533,1.244604048,0.706139134,12.77504613,1819821,532997,86.9139181,25.45572208,NEVADA,NV,703486,669890,1373376,0.512231173,0.487768827,2.44623468,Democratic,51.22311734,48.77688266,51.29370942,48.70629058,-0.07059208,0.07059208,-0.14118416
32,Nevada,NV,2023,3141000,38.9,1443407,295802,917057,672912,29991,37402,6627,2984,44578,7138,23703,4677,274032,41434,22581,75561,39963,3100449,390414,2196081,312729,83502,177284,88718,190542,67277,22310,13547,289749,88408,174343,102566,199499,81859,16058,10301,2024,5.1,45.95374085,9.417446673,29.19633875,21.4234957,0.954823305,1.190767272,0.210983763,0.095001592,1.419229545,0.227252467,0.754632283,0.148901624,8.724355301,1.319134034,0.718911175,12.59217617,1918692,601393,87.36890852,27.38482779,NEVADA,NV,705197,751205,1456402,0.48420491,0.51579509,-3.159017909,Republican,48.42049105,51.57950895,51.22311734,48.77688266,-2.802626294,2.802626294,-5.605252589
36,New York,NY,2011,19302448,37.8,11330687,3013740,3356747,435820,1115555,71778,71574,15249,146973,13356,68801,695158,1415147,67766,6706,56951,31796,18787162,2722107,12999473,1711903,284915,729248,450649,1159340,522325,209329,101564,1900329,317571,765667,620159,1245151,771323,145709,68766,2012,8.3,58.70077723,15.61325279,17.39026573,2.257848331,5.779344672,0.371859569,0.370802709,0.079000342,0.761421556,0.069193296,0.356436655,3.601398123,7.331437961,0.351074641,0.034741707,14.48918682,11003948,4223507,84.64918539,32.48983247,NEW YORK,NY,4324228,2485432,6809660,0.635013789,0.364986211,27.00275785,Democratic,63.50137892,36.49862108,64.21410729,35.78589271,-0.712728371,0.712728371,-1.425456741
36,New York,NY,2015,19673174,38.1,11170518,3070392,3619658,472979,1111700,75349,80910,17442,179681,14957,88163,802741,1570223,74793,6485,59269,33236,19164034,3005943,13435795,1736806,299187,766501,487885,1250857,571912,207025,109907,1852088,318471,792150,656466,1353220,861384,158629,83190,2016,5.2,56.78045647,15.60699865,18.39895281,2.404182467,5.650842106,0.38300378,0.411270698,0.0886588,0.91333,0.076027386,0.44813816,4.080383775,7.981543802,0.380177596,0.032963669,15.68533535,11505678,4596124,85.63451586,34.20805393,NEW YORK,NY,4379789,2819534,7199323,0.608361231,0.391638769,21.67224613,Democratic,60.83612306,39.16387694,63.50137892,36.49862108,-2.66525586,2.66525586,-5.33051172
36,New York,NY,2020,19514849,39,10766297,3002401,3720707,464480,1078084,78286,82400,18818,178792,16370,92822,851630,1674216,76535,9376,71117,40898,19009098,2581048,13649157,1714614,319068,719451,526466,1366735,643020,228860,118954,1759775,334361,736509,682231,1488195,982807,185159,99062,2020,3.9,55.16976842,15.38521256,19.06603018,2.380136275,5.524429115,0.401161188,0.42224257,0.096429135,0.916184389,0.083884841,0.475648057,4.364010196,8.579190134,0.392188533,0.048045465,13.57796146,11905267,5112792,87.22346003,37.45866503,NEW YORK,NY,5230985,3244798,8475783,0.617168349,0.382831651,23.43366979,Democratic,61.71683489,38.28316511,60.83612306,39.16387694,0.88071183,-0.88071183,1.76142366
36,New York,NY,2023,19872319,39.6,10608842,2927008,3898652,493811,1039812,83441,87879,26377,199486,17370,104329,892413,1769224,102927,9671,84578,49520,19391750,2656674,13996138,1713423,342699,701976,549584,1486669,699685,238263,131321,1724015,346177,690931,693293,1597100,1068259,200186,114020,2024,4.2,53.38502265,14.72907113,19.61850552,2.484918846,5.232464314,0.41988557,0.442218143,0.13273237,1.003838556,0.087408017,0.524996605,4.490734071,8.902956922,0.517941565,0.048665684,13.70002192,12297601,5535503,87.86424512,39.55021735,NEW YORK,NY,4619195,3578899,8198094,0.563447431,0.436552569,12.68948612,Democratic,56.34474306,43.65525694,61.71683489,38.28316511,-5.372091834,5.372091834,-10.74418367
39,Ohio,OH,2011,11525536,38.5,9378209,1395378,345370,173163,92771,7496,2582,2317,5868,1557,10992,6198,190485,21194,2162,48071,25618,11213528,1654193,7688501,1307334,243923,497164,232347,581078,220445,78048,46560,1411626,287255,546088,343935,609336,275787,45538,25904,2012,8.8,81.36896193,12.10683824,2.996563457,1.502429041,0.804917012,0.06503819,0.022402429,0.020103187,0.050913033,0.013509133,0.095370836,0.053776241,1.652721401,0.183887326,0.018758347,14.75176234,6752368,1882696,87.82424558,24.48716596,OHIO,OH,2827621,2661407,5489028,0.515140568,0.484859432,3.028113538,Democratic,51.51405677,48.48594323,52.33384076,47.66615924,-0.819783993,0.819783993,-1.639567986
39,Ohio,OH,2015,11575977,39.2,9291303,1412045,390970,192719,110348,8676,4209,2946,8558,1233,11301,8237,216170,21646,3060,49429,26953,11258461,1775836,7817508,1305754,251308,520066,256858,616700,241088,76713,50646,1363562,286800,557231,386304,662063,312912,47799,32107,2016,5,80.26366155,12.19806328,3.377425508,1.664818443,0.953249993,0.074948318,0.036359782,0.025449256,0.073928965,0.010651369,0.097624589,0.071155981,1.867401775,0.186990696,0.026434054,15.77334593,6967911,2040028,89.13212497,26.09563047,OHIO,OH,2394164,2841005,5235169,0.457323154,0.542676846,-8.535369154,Republican,45.73231542,54.26768458,51.51405677,48.48594323,-5.781741346,5.781741346,-11.56348269
39,Ohio,OH,2020,11675275,39.5,9141370,1442655,459939,206126,131458,10561,6691,4241,12968,2097,14292,10623,268527,20442,3907,58116,32465,11350378,1546011,8014966,1318001,261883,523724,283379,683669,269504,82277,52785,1311869,288915,553769,419117,754508,376674,57846,38276,2020,4.2,78.29682813,12.35649696,3.939427551,1.765491605,1.125952065,0.090456113,0.057309143,0.036324626,0.11107233,0.017961033,0.122412534,0.09098715,2.299962956,0.175087953,0.03346388,13.62078866,7276196,2315539,90.78261842,28.89019117,OHIO,OH,2679165,3154834,5833999,0.459233024,0.540766976,-8.153395295,Republican,45.92330235,54.07669765,45.73231542,54.26768458,0.190986929,-0.190986929,0.381973859
39,Ohio,OH,2023,11780046,39.6,9011101,1446466,537559,229290,143232,11798,11114,7645,15971,3143,19429,14556,288117,17151,4229,69680,39455,11478861,1519610,8123344,1341349,268642,497746,299828,737338,295946,86664,56870,1283586,290202,519696,427612,808340,418054,64296,46621,2024,3.5,76.4946164,12.27895035,4.563301366,1.946427034,1.215886593,0.10015241,0.094345981,0.064897879,0.13557672,0.026680711,0.164931444,0.123564883,2.44580539,0.145593659,0.03589969,13.23833436,7442790,2514129,91.62224325,30.94943412,OHIO,OH,2533699,3180116,5713815,0.443433853,0.556566147,-11.31322943,Republican,44.34338529,55.65661471,45.92330235,54.07669765,-1.579917066,1.579917066,-3.159834132
40,Oklahoma,OK,2011,3714520,36.3,2567299,270192,318007,262756,11280,2055,3173,1199,2802,465,9000,552,63471,258295,4257,44287,23770,3600116,586046,2411080,376747,79917,192933,72406,179074,58379,22040,13622,397029,98177,206765,91055,193966,70188,11678,6332,2012,5.6,69.11522889,7.273941182,8.56118691,7.073753809,0.303673153,0.055323433,0.085421535,0.032278733,0.075433703,0.012518441,0.242292409,0.014860601,1.708726834,6.953657539,0.11460431,16.27853103,2070308,555279,85.86641671,23.03030177,OKLAHOMA,OK,443547,891325,1334872,0.332276803,0.667723197,-33.54463949,Republican,33.22768026,66.77231974,34.35491888,65.64508112,-1.12723862,1.12723862,-2.254477241
40,Oklahoma,OK,2015,3849733,36.2,2591292,278571,371459,307212,13806,2755,4359,1728,4455,363,12251,795,74570,279276,4701,46879,25032,3734458,624043,2512392,394681,83932,202029,78517,192902,61841,21056,15141,401460,98807,214918,103618,212486,81382,12613,8808,2016,4.3,67.31095377,7.236112219,9.648954876,7.980085892,0.358622273,0.071563405,0.113228632,0.04488623,0.115722311,0.009429225,0.318229862,0.020650783,1.93701745,7.254425177,0.122112365,16.71040349,2184191,606229,86.93671211,24.12955462,OKLAHOMA,OK,420375,949136,1369511,0.306952628,0.693047372,-38.60947448,Republican,30.69526276,69.30473724,33.22768026,66.77231974,-2.532417495,2.532417495,-5.064834991
40,Oklahoma,OK,2020,3949342,36.7,2563119,287856,431467,346321,14836,3017,5388,3122,6186,520,14463,1963,87033,303791,6418,53840,29873,3833712,585520,2611680,414487,88595,196857,93754,208834,71479,23344,15678,398131,105324,211512,121086,239532,96839,16180,11016,2020,3.1,64.89989978,7.28870784,10.92503511,8.769081027,0.375657515,0.076392472,0.13642779,0.079051143,0.156633687,0.01316675,0.366212903,0.049704482,2.203734192,7.692192775,0.162508084,15.27292608,2312648,682902,88.55020523,26.14799669,OKLAHOMA,OK,503890,1020280,1524170,0.330599605,0.669400395,-33.88007899,Republican,33.0599605,66.9400395,30.69526276,69.30473724,2.364697741,-2.364697741,4.729395483
40,Oklahoma,OK,2023,3995260,36.9,2509923,282536,490797,379722,19468,4122,7538,4977,6854,1230,20237,2704,93550,295365,7706,63603,34859,3872738,593820,2641325,419433,93176,188701,97015,223982,76767,24934,18011,391954,108008,198782,123385,254254,104422,18142,13281,2024,3.2,62.82251969,7.071780059,12.28448211,9.50431261,0.487277424,0.103172259,0.188673578,0.124572619,0.171553291,0.030786482,0.506525232,0.067680201,2.341524707,7.392885569,0.192878561,15.33333781,2354247,733793,89.13128827,27.78124615,OKLAHOMA,OK,499599,1036213,1535812,0.325299581,0.674700419,-34.94008381,Republican,32.52995809,67.47004191,33.0599605,66.9400395,-0.530002409,0.530002409,-1.060004819
41,Oregon,OR,2011,3801991,38.2,2996677,68155,436806,369248,9021,4491,1916,750,6521,750,9772,781,139258,57114,13447,49850,26561,3727420,550372,2579164,313993,96024,224420,99116,233086,87117,31059,21413,336181,119126,245534,110009,241762,99847,21322,12035,2012,9.6,78.81862424,1.792613397,11.48887517,9.711964074,0.23727042,0.118122321,0.050394648,0.019726506,0.171515398,0.019726506,0.257023228,0.020541869,3.662765114,1.502212919,0.35368311,14.76549463,2292044,747641,88.86771062,28.98772626,OREGON,OR,970488,754175,1724663,0.562711672,0.437288328,12.54233436,Democratic,56.27116718,43.72883282,58.41372118,41.58627882,-2.142553998,2.142553998,-4.285107997
41,Oregon,OR,2015,3939233,39.1,3043010,72837,485646,411776,11137,4659,1664,1254,7038,1242,8874,1116,156695,46258,15042,51243,27684,3862756,636947,2714972,325811,103942,235448,105073,252999,98907,31753,24064,333308,125945,249272,123819,269635,119946,23026,14727,2016,5.5,77.24879437,1.84901477,12.32844059,10.45320244,0.282720012,0.118271755,0.042241726,0.031833608,0.178664222,0.03152898,0.22527228,0.028330388,3.977804816,1.174289513,0.381850985,16.48944432,2437675,835057,89.78637717,30.75748111,OREGON,OR,1002106,782403,1784509,0.561558389,0.438441611,12.31167789,Democratic,56.15583895,43.84416105,56.27116718,43.72883282,-0.115328234,0.115328234,-0.230656467
41,Oregon,OR,2020,4176346,39.5,3128494,79117,552279,445523,14501,7649,2116,1482,10508,1797,11386,819,187801,45683,16445,65667,35393,4096744,506558,2944830,337989,109724,242898,123550,299979,116675,38185,29830,329352,127858,257072,142558,327381,150257,29276,21461,2020,3.7,74.90983745,1.894407216,13.22397617,10.66777034,0.3472174,0.183150534,0.0506663,0.035485566,0.251607506,0.043028044,0.272630668,0.019610444,4.496777805,1.093850941,0.393765268,12.36489271,2684045,1013044,91.14431054,34.40076337,OREGON,OR,1340383,958448,2298831,0.58307157,0.41692843,16.61431397,Democratic,58.30715699,41.69284301,56.15583895,43.84416105,2.15131804,-2.15131804,4.302636081
41,Oregon,OR,2023,4238714,40.1,3065611,81642,605467,478243,15555,8182,3225,2125,8686,2667,14179,1811,188624,46276,16973,80426,44063,4159818,494736,3021010,351709,112963,237107,130234,322991,125424,39622,32749,324473,128595,244953,146443,351910,164123,32976,24517,2024,3.7,72.32408226,1.926103059,14.2842145,11.28273811,0.366974512,0.193030245,0.076084397,0.05013313,0.204920643,0.062920027,0.334511835,0.042725223,4.450028947,1.091746223,0.400428054,11.89321264,2770789,1094312,91.71730646,36.22338225,OREGON,OR,1240600,919480,2160080,0.57433058,0.42566942,14.86611607,Democratic,57.43305803,42.56694197,58.30715699,41.69284301,-0.874098951,0.874098951,-1.748197901
42,Pennsylvania,PA,2011,12660739,39.9,10107947,1358759,690128,119967,368672,18227,5354,3360,7626,2311,10323,58958,341880,18065,2785,51651,27824,12246520,1548869,8611136,1530119,218301,449467,270276,691457,272768,98689,65777,1703677,256472,478204,365871,725475,341550,61821,39023,2012,7.8,79.83694317,10.73206706,5.450929839,0.947551324,2.911931128,0.14396474,0.042288211,0.026538735,0.060233451,0.018253279,0.081535525,0.465675819,2.700316309,0.142685194,0.021997136,12.64742147,7568947,2296560,87.89719498,26.66965195,PENNSYLVANIA,PA,2990274,2680434,5670708,0.52731934,0.47268066,5.463868004,Democratic,52.731934,47.268066,55.22970382,44.77029618,-2.497769814,2.497769814,-4.995539627
42,Pennsylvania,PA,2015,12779559,40.5,9979754,1403143,815538,141431,422154,19358,11284,3840,10216,3005,17901,81799,392595,23641,4279,53599,29291,12365782,1666569,8814112,1552049,223528,458318,298562,742310,300036,101523,70825,1655940,257510,496332,399835,792912,402208,64034,48189,2016,5.4,78.09153665,10.97958858,6.381581712,1.106697031,3.303353426,0.151476276,0.088297257,0.030047985,0.079940161,0.023514113,0.140075256,0.64007686,3.072054364,0.184990734,0.033483159,13.47726331,7864111,2522037,89.22181837,28.61362551,PENNSYLVANIA,PA,2926441,2970733,5897174,0.496244642,0.503755358,-0.751071615,Republican,49.62446419,50.37553581,52.731934,47.268066,-3.107469809,3.107469809,-6.214939619
42,Pennsylvania,PA,2020,12794885,40.9,9685118,1419582,971813,158266,468114,23256,15105,5434,16338,4164,19695,128851,449320,20798,4268,63627,35518,12387061,1480430,8989998,1514758,235851,455045,332047,847743,340781,109615,79833,1557623,258753,475944,443493,906568,480871,79834,61272,2020,4.3,75.6952329,11.09491801,7.595324225,1.236947421,3.658602637,0.181760133,0.118054988,0.042470096,0.127691652,0.032544255,0.153928699,1.007050864,3.511715815,0.162549331,0.03335708,11.95142254,8180031,2906517,90.99035395,32.33056337,PENNSYLVANIA,PA,3458229,3377674,6835903,0.505892053,0.494107947,1.178410519,Democratic,50.58920526,49.41079474,49.62446419,50.37553581,0.964741067,-0.964741067,1.929482134
42,Pennsylvania,PA,2023,12986518,40.9,9585453,1393616,1087732,180566,484559,25050,17074,8805,15571,3681,24546,165400,480439,23921,4614,76081,43104,12575248,1480981,9153146,1530010,238751,447101,353468,914239,375560,113531,88092,1509306,262866,455852,457738,968906,536917,88189,71884,2024,3.4,73.81080132,10.73125221,8.375855637,1.390411194,3.731246513,0.192892352,0.131474811,0.067801084,0.11990127,0.02834478,0.189011404,1.273628543,3.699521304,0.184198721,0.035529154,11.77695263,8412410,3157318,91.90730706,34.49434763,PENNSYLVANIA,PA,3423042,3543308,6966350,0.491368077,0.508631923,-1.726384692,Republican,49.13680765,50.86319235,50.58920526,49.41079474,-1.452397605,1.452397605,-2.904795211
44,Rhode Island,RI,2011,1053959,39.1,810737,62682,127816,9713,32436,1750,1006,645,3410,526,19857,37543,31476,4606,459,55975,29685,1012044,129454,708587,90750,17614,40226,24045,64473,26129,8969,5628,105462,21887,48355,31911,67022,34204,6208,4201,2012,11,76.92301124,5.94729017,12.12722696,0.921572851,3.077539069,0.166040614,0.095449633,0.061197826,0.323541997,0.049907065,1.884039132,3.562093023,2.986453932,0.437018897,0.043550081,12.79134109,597084,216834,84.26403533,30.6009001,RHODE ISLAND,RI,279677,157204,436881,0.64016746,0.35983254,28.03349196,Democratic,64.01674598,35.98325402,64.19813751,35.80186249,-0.18139153,0.18139153,-0.362783061
44,Rhode Island,RI,2015,1053661,39.7,785245,68243,143788,10432,37189,1593,1133,627,3561,374,24636,43827,34213,5106,373,56852,31118,1013455,144223,720641,95274,18050,42884,25194,66542,28217,8939,7346,101714,20713,51382,35866,70963,36809,6307,4694,2016,6,74.52539289,6.476751061,13.64651439,0.990071759,3.529503322,0.151187147,0.107529841,0.059506805,0.337964488,0.035495287,2.338133422,4.15949722,3.247059538,0.484596089,0.03540038,14.23082426,620894,229817,86.15857272,31.89063625,RHODE ISLAND,RI,252525,180543,433068,0.583107041,0.416892959,16.62140819,Democratic,58.31070409,41.68929591,64.01674598,35.98325402,-5.706041886,5.706041886,-11.41208377
44,Rhode Island,RI,2020,1057798,40,755708,69196,168007,10956,44611,2099,963,622,4090,670,24118,52691,36536,4344,790,70305,37504,1017028,117785,741370,104386,20803,40554,26754,73858,31432,10151,6777,102972,24313,47546,34140,82123,41819,7486,5998,2020,3.5,71.4416174,6.541513597,15.88271107,1.035736502,4.217345845,0.19843108,0.091038176,0.058801397,0.386652272,0.063339125,2.280019437,4.981196788,3.453967582,0.410664418,0.074683446,11.58129373,661112,259644,89.17436638,35.02218865,RHODE ISLAND,RI,307486,199922,507408,0.605993599,0.394006401,21.19871977,Democratic,60.59935988,39.40064012,58.31070409,41.68929591,2.288655791,-2.288655791,4.577311583
44,Rhode Island,RI,2023,1095371,40.5,756498,63862,187503,13623,43892,2813,1444,1400,4047,724,28540,60721,38149,4855,670,86372,45919,1053498,114890,776505,104286,21807,43309,28242,82585,34859,11035,8059,101576,25035,46309,34598,90174,47557,8177,7221,2024,3,69.06317586,5.830170782,17.11776193,1.243688212,4.007044189,0.256807967,0.131827481,0.127810577,0.369463862,0.066096327,2.605509914,5.543418623,3.482746941,0.443228824,0.061166491,10.90557362,694829,289667,89.48158737,37.30394524,RHODE ISLAND,RI,285156,214406,499562,0.570812031,0.429187969,14.16240627,Democratic,57.08120313,42.91879687,60.59935988,39.40064012,-3.51815675,3.51815675,-7.0363135
45,South Carolina,SC,2011,4575864,37.7,2940064,1281627,222550,134451,26670,5347,8463,1177,4258,1153,8439,1978,56575,14939,1920,44587,23854,4433220,753705,3031432,446515,79697,197401,106526,229881,79097,26851,16604,490477,98181,233428,147942,243774,110607,16363,10389,2012,10.4,64.25155992,28.00841546,4.863562379,2.938264774,0.582840749,0.116852249,0.184948679,0.025721918,0.093053465,0.025197427,0.184424187,0.043226809,1.236378529,0.326473864,0.041959289,17.00129928,2533733,733566,83.58204967,24.19866255,SOUTH CAROLINA,SC,865941,1071645,1937586,0.446917453,0.553082547,-10.61650941,Republican,44.6917453,55.3082547,45.45557081,54.54442919,-0.763825515,0.763825515,-1.527651031
45,South Carolina,SC,2015,4777576,38.6,3051116,1315058,254092,143684,34739,6823,7667,1884,5306,1679,9930,4247,66982,14966,2588,45483,24604,4636314,830901,3210007,463319,87052,218715,119565,255648,90332,27273,19807,492339,106734,261707,167706,274701,131052,17817,12910,2016,5.9,63.86326455,27.52563225,5.318429262,3.007466548,0.727126057,0.142813008,0.16047887,0.039434224,0.111060504,0.035143345,0.207845987,0.088894452,1.402008048,0.31325509,0.05416973,17.92158598,2746677,829540,85.56607509,25.84231125,SOUTH CAROLINA,SC,855373,1155389,2010762,0.425397436,0.574602564,-14.92051272,Republican,42.53974364,57.46025636,44.6917453,55.3082547,-2.152001656,2.152001656,-4.304003312
45,South Carolina,SC,2020,5091517,39.7,3230111,1346560,296897,152356,37458,10472,16109,3420,5483,1575,14496,4517,83573,16951,3633,54864,30727,4950181,726470,3512626,502028,95292,235246,143472,301324,107341,34120,24047,511994,120882,271123,203949,337070,171145,24836,18423,2020,2.8,63.44103339,26.44712764,5.831209048,2.992349824,0.735694293,0.20567544,0.316389005,0.067170551,0.107688927,0.030933806,0.28470886,0.088716192,1.641416497,0.332926316,0.07135398,14.67562499,3102292,1018306,88.31831228,28.98987823,SOUTH CAROLINA,SC,1091541,1385103,2476644,0.440733913,0.559266087,-11.8532175,Republican,44.07339125,55.92660875,42.53974364,57.46025636,1.533647611,-1.533647611,3.067295222
45,South Carolina,SC,2023,5212774,40.1,3243703,1318630,368900,173811,49768,13814,22182,6450,7195,2748,16288,6528,89723,16823,3642,66818,37993,5072217,719720,3610374,511825,104352,227684,150985,334055,126696,37046,26264,507488,128573,259655,207907,367780,194531,28843,20993,2024,3,62.22604318,25.29612832,7.076846224,3.334328325,0.954731588,0.265002856,0.425531588,0.123734503,0.138026318,0.052716653,0.312463191,0.125230827,1.721214079,0.322726441,0.069866831,14.18945601,3234677,1136208,89.59395896,31.47064542,SOUTH CAROLINA,SC,1028452,1483747,2512199,0.409383174,0.590616826,-18.12336523,Republican,40.93831739,59.06168261,44.07339125,55.92660875,-3.135073864,3.135073864,-6.270147728
46,South Dakota,SD,2011,807697,37.1,686433,9347,21539,14779,1380,110,163,29,594,192,1636,30,7672,69154,197,48010,24925,779002,107337,525090,87011,15090,38966,22731,45145,12636,5083,3286,81600,18749,43493,28191,50506,14903,2343,1669,2012,4.6,84.98644913,1.157240896,2.666717841,1.829770322,0.17085615,0.013618968,0.020180835,0.003590455,0.07354243,0.02377129,0.202551204,0.003714264,0.949861148,8.561874069,0.024390334,13.77878362,471402,135571,89.77546706,25.81862157,SOUTH DAKOTA,SD,145039,210610,355649,0.407815009,0.592184991,-18.43699828,Republican,40.78150086,59.21849914,45.70429277,54.29570723,-4.922791904,4.922791904,-9.845583808
46,South Dakota,SD,2015,843190,36.8,701699,13133,27914,18242,1730,413,196,119,1058,325,2424,249,10152,72619,332,50957,26747,814079,114907,551039,91319,16010,40812,27328,48403,13311,4594,3900,81203,18003,45942,31708,56325,17551,2491,2226,2016,3,83.21955906,1.557537447,3.310523132,2.163450705,0.205173211,0.048980657,0.023245057,0.014113071,0.125475871,0.0385441,0.28747969,0.029530711,1.203999099,8.612412386,0.039374281,14.11496919,501126,148801,90.94202044,27.0037148,SOUTH DAKOTA,SD,117458,227721,345179,0.340281419,0.659718581,-31.94371616,Republican,34.02814192,65.97185808,40.78150086,59.21849914,-6.753358941,6.753358941,-13.50671788
46,South Dakota,SD,2020,879336,37.2,715328,18836,36088,22056,2797,412,314,69,2106,218,3322,559,12413,74975,544,59896,31415,849910,108863,580244,94558,18215,41723,31616,54483,15383,5934,3738,80782,18915,43369,35905,61917,21839,3920,2777,2020,2.8,81.34865398,2.142070835,4.10400575,2.50825623,0.318080916,0.046853535,0.035708762,0.00784683,0.239498895,0.024791434,0.377785056,0.063570694,1.411633323,8.52631986,0.061864862,12.80876799,535074,169991,92.21534389,29.29646838,SOUTH DAKOTA,SD,150471,261043,411514,0.365652201,0.634347799,-26.86955972,Republican,36.56522014,63.43477986,34.02814192,65.97185808,2.537078218,-2.537078218,5.074156435
46,South Dakota,SD,2023,899194,37.7,721732,20149,41281,22841,3553,1284,650,77,2661,398,4343,307,12554,69514,606,72421,38880,869964,104511,596137,96303,18803,40896,34115,59654,16284,6304,4226,79410,18286,42507,38763,68618,22771,4254,3300,2024,2,80.26432561,2.240784525,4.590889174,2.540163747,0.39513164,0.142794547,0.072286959,0.008563224,0.29593169,0.044261861,0.482988098,0.034141687,1.396139209,7.73070105,0.067393688,12.01325572,554494,185411,93.01452518,31.10207888,SOUTH DAKOTA,SD,146859,272081,418940,0.350549005,0.649450995,-29.89019907,Republican,35.05490046,64.94509954,36.56522014,63.43477986,-1.510319675,1.510319675,-3.02063935
47,Tennessee,TN,2011,6297991,37.8,4779890,1048714,277011,183406,20075,7614,9820,2454,11650,1001,13977,1779,90471,15285,3097,43989,24197,6139176,1036199,4205976,674666,117329,285017,101903,301034,100060,39428,27427,724895,147865,325689,152556,325464,134366,25091,15808,2012,9.1,75.89547206,16.65156397,4.398402602,2.912134997,0.31875244,0.120895695,0.155922738,0.038964806,0.184979623,0.015893957,0.221927913,0.028247103,1.436505705,0.242696441,0.049174411,16.87847034,3498598,968678,83.18159685,23.03099209,TENNESSEE,TN,960709,1462330,2423039,0.396489285,0.603510715,-20.70214305,Republican,39.64892847,60.35107153,42.3685282,57.6314718,-2.719599724,2.719599724,-5.439199448
47,Tennessee,TN,2015,6499615,38.4,4856869,1091070,320090,205957,26105,11257,10970,1934,11552,1362,18241,2610,102027,17802,3323,45219,25227,6339352,1117594,4380036,706075,125147,299740,116499,330233,114641,41091,30834,739391,151355,342431,170984,366279,160009,28444,20745,2016,5.6,74.72548759,16.7866866,4.924753235,3.168756919,0.401639174,0.173194874,0.168779228,0.029755609,0.177733604,0.020955087,0.280647392,0.040156225,1.569739131,0.273893146,0.051126105,17.62946749,3743898,1092276,85.47642074,24.93760325,TENNESSEE,TN,870695,1522925,2393620,0.36375657,0.63624343,-27.24868609,Republican,36.37565695,63.62434305,39.64892847,60.35107153,-3.273271519,3.273271519,-6.546543038
47,Tennessee,TN,2020,6772268,38.8,4969371,1128806,377162,227090,33547,12039,16994,3815,14904,1239,23430,3931,122897,17178,3959,54833,30869,6603468,965213,4649847,739105,138239,313378,141020,388661,137415,46634,33009,740543,163701,349014,208142,438286,201600,37223,26144,2020,3.3,73.37823902,16.66806452,5.569212559,3.353234101,0.495358424,0.177769102,0.250935137,0.056332679,0.220073984,0.0182952,0.34596977,0.058045547,1.814709636,0.2536521,0.058458998,14.61675895,4102114,1308972,88.22040811,28.15086174,TENNESSEE,TN,1143711,1852475,2996186,0.381722296,0.618277704,-23.65554074,Republican,38.17222963,61.82777037,36.37565695,63.62434305,1.796572673,-1.796572673,3.593145346
47,Tennessee,TN,2023,6986082,38.9,4994428,1108897,496457,266199,40114,18101,33516,9982,18616,3026,40568,5425,129226,17288,5037,67097,37866,6825291,940092,4805533,767982,146166,307458,153338,427546,155706,49898,38013,740310,168824,339490,221967,486013,230307,41007,32011,2024,3.3,71.49111619,15.87294567,7.106372356,3.810419059,0.574198814,0.259100881,0.479753888,0.142884094,0.266472681,0.043314693,0.58069745,0.077654399,1.849763573,0.247463457,0.072100499,13.77365449,4306036,1460501,89.60579399,30.39207097,TENNESSEE,TN,1056265,1966865,3023130,0.349394502,0.650605498,-30.12109965,Republican,34.93945017,65.06054983,38.17222963,61.82777037,-3.232779455,3.232779455,-6.465558911
48,Texas,TX,2011,24774187,33.5,11349192,2917108,9216240,8026675,126065,42989,91951,21004,244280,17935,65859,12505,939558,125101,19966,50920,25548,24173125,4120101,15443904,1907437,435086,1184739,454418,1310504,459658,145048,98507,2055521,538750,1290851,529733,1383385,486127,89196,51967,2012,8,45.81055273,11.77478801,37.20097858,32.39934776,0.508856254,0.173523353,0.371156478,0.084781793,0.986026302,0.072393899,0.26583718,0.050475925,3.792487721,0.504965107,0.080591948,17.04413889,12420927,4024392,80.42608268,26.05812624,TEXAS,TX,3308124,4569843,7877967,0.419921028,0.580078972,-16.01579443,Republican,41.99210278,58.00789722,44.06406325,55.93593675,-2.071960464,2.071960464,-4.143920928
48,Texas,TX,2015,26538614,34.1,11635757,3152917,10196367,8886716,163417,60461,115730,29111,280295,25015,84137,16779,1124011,126493,21655,53207,26999,25923852,4472451,16765143,2080807,482765,1308530,511092,1461033,536563,154708,111177,2139510,568996,1414367,607963,1593349,598004,101638,66744,2016,4.5,43.84462957,11.88048856,38.42087232,33.48598386,0.615770665,0.227822749,0.436081553,0.109692993,1.05617799,0.094258879,0.31703615,0.063224854,4.235379436,0.476637552,0.081598082,17.25226251,13737246,4623216,81.93933091,27.57635888,TEXAS,TX,3877868,4685047,8562915,0.452867744,0.547132256,-9.426451156,Republican,45.28677442,54.71322558,41.99210278,58.00789722,3.294671637,-3.294671637,6.589343274
48,Texas,TX,2020,28635442,34.8,11850477,3464424,11294257,9530419,217113,99954,166194,59213,335407,25835,107809,26138,1415664,137921,25328,63826,32177,28013446,3984260,18449851,2292848,543952,1364622,622338,1739411,666803,181368,127438,2266186,623593,1442132,747268,1931674,787914,136588,90982,2020,3.5,41.38395,12.09837795,39.44153193,33.2818994,0.758196783,0.349056948,0.580378679,0.206782211,1.171300237,0.090220364,0.37648799,0.091278493,4.943747682,0.48164439,0.088449831,14.22267007,15565117,5662178,84.3644591,30.6895595,TEXAS,TX,5259126,5890347,11149473,0.471692788,0.528307212,-5.661442474,Republican,47.16927876,52.83072124,45.28677442,54.71322558,1.882504341,-1.882504341,3.765008682
48,Texas,TX,2023,29640343,35.5,11832668,3626137,11697134,9543153,249182,125282,215924,99839,368408,35855,133704,34417,1581798,190706,29841,76292,39446,29016925,4005417,19294631,2393609,589926,1334976,684399,1946196,773116,197200,146658,2298099,661605,1379987,810336,2132734,918897,156963,110207,2024,3.9,39.92082008,12.23378893,39.46355816,32.19649989,0.840685278,0.422673921,0.728480099,0.336834834,1.242927587,0.120966886,0.451087897,0.11611539,5.336638648,0.643400112,0.100676973,13.80372662,16534908,6381971,85.69693818,33.07640867,TEXAS,TX,4835250,6393597,11228847,0.430609661,0.569390339,-13.8780678,Republican,43.0609661,56.9390339,47.16927876,52.83072124,-4.108312664,4.108312664,-8.216625328
49,Utah,UT,2011,2715379,29.1,2192184,29056,344014,258745,6595,2075,2083,2287,9404,571,6791,1541,54866,30842,25137,57783,23650,2670588,304125,1542258,177757,54262,144355,62993,157340,60631,18561,14003,199029,69299,154068,78587,152060,42187,6614,4887,2012,7.1,80.73215562,1.070053204,12.66909702,9.528872397,0.242875856,0.076416589,0.076711207,0.08422397,0.346323662,0.021028372,0.250094002,0.056750826,2.020565085,1.135826711,0.925727127,11.38794153,1396633,456283,90.55767582,29.58538714,UTAH,UT,251813,740600,992413,0.253738111,0.746261889,-49.25237779,Republican,25.3738111,74.6261889,35.47363863,64.52636137,-10.09982752,10.09982752,-20.19965504
49,Utah,UT,2015,2903379,30.1,2308090,31909,389856,287428,7594,2420,2697,2935,12364,1394,7998,2248,64102,31824,26147,60727,24686,2855909,351601,1674198,186573,60005,158605,69610,172422,70643,20265,16571,201553,73800,165517,90665,175038,52246,7406,6446,2016,3.5,79.496683,1.099029786,13.4276648,9.8997754,0.26155731,0.083351157,0.092891765,0.10108911,0.42584864,0.048013022,0.275472131,0.077427026,2.207841277,1.096102162,0.900571369,12.31135166,1527365,521037,91.22965145,31.12158777,UTAH,UT,310674,515211,825885,0.376171017,0.623828983,-24.76579669,Republican,37.61710165,62.38289835,25.3738111,74.6261889,12.24329055,-12.24329055,24.4865811
49,Utah,UT,2020,3151239,31.1,2455192,38059,446067,314819,12716,3399,4101,7619,14216,968,9310,2262,73190,33222,29450,74197,30986,3102049,283360,1868472,205417,68816,162443,82267,210367,88193,23231,19441,219763,80627,165081,104278,219569,68168,10861,8240,2020,2.5,77.9119578,1.207747175,14.1552894,9.990324441,0.40352382,0.107862336,0.130139288,0.241777917,0.451124145,0.030718076,0.295439349,0.07178129,2.322578516,1.054251994,0.934553044,9.13460748,1736762,648070,92.95092461,34.68449086,UTAH,UT,560282,865140,1425422,0.393063949,0.606936051,-21.38721024,Republican,39.30639488,60.69360512,37.61710165,62.38289835,1.689293224,-1.689293224,3.378586447
49,Utah,UT,2023,3331187,31.7,2521945,37772,513013,353485,13562,3433,4345,13207,15433,1558,12055,3828,78887,33869,31483,91750,39240,3278204,280516,2003084,225786,70993,159360,88699,238751,102620,25001,20747,224000,85378,166108,108603,247488,82069,12788,10091,2024,2.6,75.7070978,1.133890112,15.40030626,10.61138267,0.407122146,0.103056358,0.130433986,0.396465284,0.463288311,0.046770115,0.361883016,0.114913993,2.368134842,1.016724669,0.945098549,8.557002554,1868482,739555,93.28026184,36.9208181,UTAH,UT,562566,883818,1446384,0.388946504,0.611053496,-22.21069923,Republican,38.89465038,61.10534962,39.30639488,60.69360512,-0.411744495,0.411744495,-0.82348899
51,Virginia,VA,2011,7926192,37.3,5169156,1545568,604882,155858,73427,14853,29138,5649,124081,8645,30939,9990,430227,25665,5295,63302,33040,7681393,818422,5279997,654182,140086,341546,144773,494445,267210,75770,51573,699379,175180,393891,209252,569961,274601,51843,28441,2012,6.6,65.21613405,19.49950241,7.631432597,1.966366699,0.926384322,0.187391373,0.367616631,0.071270037,1.565455391,0.109068768,0.390338765,0.126037825,5.427915448,0.323799878,0.066803832,10.65460392,4572133,1813844,86.59347723,34.35312558,VIRGINIA,VA,1971820,1822522,3794342,0.519673767,0.480326233,3.934753378,Democratic,51.96737669,48.03262331,53.18258441,46.81741559,-1.215207717,1.215207717,-2.430415435
51,Virginia,VA,2015,8256630,37.6,5237848,1589345,709156,171730,91027,18947,38571,6944,153060,7774,38142,12637,492973,22570,5304,65015,34152,8008050,921822,5566373,685016,152203,365296,165687,543327,300772,78967,57897,696735,181648,410714,237923,624030,324014,56254,36956,2016,4.4,63.43808551,19.24931843,8.588927928,2.079904271,1.102471589,0.229476191,0.467151853,0.084102109,1.85378296,0.094154637,0.461956028,0.153052759,5.970632086,0.273356079,0.064239284,11.51119186,4917439,2022217,88.34188798,36.32916802,VIRGINIA,VA,1981473,1769443,3750916,0.528263763,0.471736237,5.652752554,Democratic,52.82637628,47.17362372,51.96737669,48.03262331,0.858999588,-0.858999588,1.717999177
51,Virginia,VA,2020,8509358,38.4,5209336,1620649,810770,184600,106085,21461,47322,8283,167997,9664,50977,16615,570398,22553,5994,76398,41255,8255575,826708,5831949,707708,165508,357770,191101,608206,341894,83914,64968,685115,193122,395402,268132,695873,396174,65797,47664,2020,2.8,61.21890747,19.04549086,9.527980842,2.16937635,1.246686295,0.25220469,0.556117159,0.097339893,1.974261748,0.113569085,0.599069871,0.195255623,6.703184894,0.265037621,0.070440097,10.01393604,5268348,2304490,90.33597516,39.51492031,VIRGINIA,VA,2413568,1962430,4375998,0.55154687,0.44845313,10.309374,Democratic,55.154687,44.845313,52.82637628,47.17362372,2.328310722,-2.328310722,4.656621444
51,Virginia,VA,2023,8657499,38.8,5109807,1623031,929140,210118,118589,23928,56497,11927,184195,11812,63143,17819,593606,27216,5679,90974,49217,8413302,834866,5958915,734310,171039,345414,197715,650822,367011,88852,69526,689392,191229,376400,265600,739294,431437,71740,52948,2024,2.9,59.02174519,18.74711161,10.73219876,2.427005767,1.369783583,0.27638467,0.652578764,0.13776496,2.127577491,0.136436631,0.729344583,0.205821566,6.856552914,0.314363305,0.065596311,9.923166909,5442729,2471630,91.33758411,41.47785293,VIRGINIA,VA,2333778,2074097,4407875,0.529456484,0.470543516,5.891296827,Democratic,52.94564841,47.05435159,55.154687,44.845313,-2.209038586,2.209038586,-4.418077172
50,Vermont,VT,2011,624958,41.4,590071,5464,9451,2811,2424,601,117,172,33,42,250,322,7544,1802,155,53422,28376,600321,67761,429206,71059,10147,22969,15102,39843,16821,5561,4149,64845,13084,27018,21119,48263,23849,4122,2662,2012,5.6,94.41770487,0.874298753,1.512261624,0.449790226,0.387866065,0.096166462,0.018721258,0.027521849,0.005280355,0.006720452,0.040002688,0.051523462,1.207121119,0.288339376,0.024801667,11.28746121,390613,145270,91.00828041,33.84621837,VERMONT,VT,199239,92698,291937,0.682472588,0.317527412,36.49451765,Democratic,68.24725883,31.75274117,68.89918174,31.10081826,-0.651922913,0.651922913,-1.303845826
50,Vermont,VT,2015,626604,42.4,586547,6949,10691,3101,2963,444,108,98,117,128,250,226,8774,2018,249,55176,29894,601732,69233,436657,70077,10180,24360,15333,41888,18002,5964,4481,61193,12674,28789,21248,52817,26182,4358,3326,2016,3.5,93.60728626,1.108993878,1.706181256,0.494889915,0.472866436,0.07085815,0.017235766,0.015639862,0.01867208,0.020427575,0.039897607,0.036067437,1.400246408,0.322053482,0.039738016,11.50562044,400872,157018,91.80478041,35.95911665,VERMONT,VT,178573,95369,273942,0.651864263,0.348135737,30.37285265,Democratic,65.18642632,34.81357368,68.24725883,31.75274117,-3.060832503,3.060832503,-6.121665005
50,Vermont,VT,2020,624340,42.8,576601,7964,12518,3739,2458,815,73,263,275,134,175,519,10126,1873,205,63477,35854,599938,64700,442089,67606,10930,24044,16805,47000,19129,6379,4943,57286,12676,26369,22288,56940,31817,5286,3834,2020,2.1,92.35368549,1.27558702,2.004997277,0.598872409,0.393695743,0.130537848,0.011692347,0.042124483,0.044046513,0.021462665,0.028029599,0.083127783,1.621872698,0.299996797,0.032834673,10.78444773,413332,175328,93.49520119,39.65898269,VERMONT,VT,242820,112704,355524,0.682991866,0.317008134,36.59837311,Democratic,68.29918655,31.70081345,65.18642632,34.81357368,3.112760229,-3.112760229,6.225520458
50,Vermont,VT,2023,645254,43,584421,7887,16058,4083,3210,975,77,373,240,184,390,729,10700,1273,120,78024,44365,622390,63902,462996,69376,11447,24580,17959,53684,22291,6754,5403,56803,12738,25815,21583,60533,38175,5824,4705,2024,2,90.57223977,1.222309354,2.488632384,0.63277407,0.497478512,0.151103286,0.011933285,0.057806693,0.037194655,0.028515902,0.060441315,0.112978765,1.658261708,0.19728665,0.018597328,10.26719581,437670,197369,94.52997434,42.62866202,VERMONT,VT,235791,119395,355186,0.663852179,0.336147821,32.77043577,Democratic,66.38521789,33.61478211,68.29918655,31.70081345,-1.913968667,1.913968667,-3.827937334
53,Washington,WA,2011,6652845,37.1,4861907,233549,725373,592406,26346,6650,3971,1548,12464,2003,9878,1771,470798,94243,37084,58890,30481,6519490,816509,4436636,520327,159922,363304,192373,444899,171423,53377,37680,538259,195275,395697,225736,446571,181139,35874,20849,2012,8.5,73.08011836,3.510513171,10.90320006,8.904551361,0.39601103,0.099957236,0.05968875,0.023268241,0.18734842,0.03010742,0.148477832,0.02662019,7.076641647,1.416581928,0.557415662,12.52412382,3982705,1391812,89.76857691,31.37088551,WASHINGTON,WA,1755396,1290670,3046066,0.576282983,0.423717017,15.25659654,Democratic,57.62829827,42.37170173,58.7520268,41.2479732,-1.123728531,1.123728531,-2.247457063
53,Washington,WA,2015,6985464,37.4,4943228,253224,835488,674493,30950,7563,6257,2003,18256,3525,15018,2844,535501,93266,44159,61062,31762,6850693,908512,4721438,549014,167188,384257,210571,487878,192527,56234,41835,548825,193687,414331,249844,498775,208961,40579,25341,2016,5.4,70.76449038,3.625013313,11.96037944,9.655664964,0.443062909,0.108267683,0.089571716,0.028673829,0.261342697,0.050461931,0.214989298,0.040713115,7.665933143,1.33514395,0.632155573,13.26160726,4269847,1552130,90.43530806,32.87409471,WASHINGTON,WA,1742718,1221747,2964465,0.587869312,0.412130688,17.5738624,Democratic,58.7869312,41.2130688,57.62829827,42.37170173,1.158632929,-1.158632929,2.317265859
53,Washington,WA,2020,7512465,37.8,5067909,290245,971522,760663,38204,10779,7619,3748,22178,3870,18487,4028,662902,91766,51117,77006,40837,7372433,751044,5199771,584928,187725,395020,239461,579345,243169,65499,48801,548761,209593,409169,286473,604604,278465,53245,34110,2020,4.2,67.46000148,3.863512176,12.93213346,10.12534501,0.508541471,0.143481534,0.10141811,0.049890415,0.295216018,0.051514383,0.246084341,0.053617554,8.824027799,1.221516506,0.680429127,10.18719329,4768368,1907238,91.70342309,36.67926914,WASHINGTON,WA,2369612,1584651,3954263,0.599255032,0.400744968,19.85100637,Democratic,59.92550318,40.07449682,58.7869312,41.2130688,1.138571985,-1.138571985,2.277143969
53,Washington,WA,2023,7740984,38.2,4975929,306214,1089609,828306,43372,12656,12256,4983,27739,4080,23442,4712,727603,90212,54406,94952,51493,7606327,753455,5409147,620736,190713,381756,251147,627142,276538,68078,55129,555667,208840,390389,291204,652554,317954,58418,41341,2024,4.1,64.2803163,3.955750328,14.07584617,10.70026756,0.560290526,0.163493427,0.158326125,0.064371661,0.358339457,0.052706478,0.302829718,0.060870814,9.399360598,1.165381559,0.702830545,9.905635138,4987606,2097154,92.20688585,38.77051225,WASHINGTON,WA,2245849,1530923,3776772,0.594647757,0.405352243,18.92955148,Democratic,59.46477574,40.53522426,59.92550318,40.07449682,-0.460727445,0.460727445,-0.92145489
55,Wisconsin,WI,2011,5664893,38.3,4737418,352620,324238,241441,42618,3287,2640,809,1881,2479,2669,1616,125630,48741,1503,52374,27192,5512715,661655,3771680,629152,120161,258927,156634,307535,108084,36970,22733,639984,138686,273997,187707,343468,129157,21088,12934,2012,7.6,83.62766958,6.224654199,5.723638558,4.262057553,0.752317828,0.058024044,0.046602822,0.014280941,0.033204511,0.043760756,0.047114747,0.028526576,2.217694138,0.860404601,0.026531834,12.00234367,3387217,981969,89.80658486,26.03532113,WISCONSIN,WI,1620985,1410966,3031951,0.5346343,0.4653657,6.926859966,Democratic,53.46342998,46.53657002,57.05567825,42.94432175,-3.592248265,3.592248265,-7.18449653
55,Wisconsin,WI,2015,5742117,39,4729911,360792,364558,266834,52658,3927,3340,1324,1993,1912,4050,2163,143732,50449,1233,53357,28340,5589889,724348,3873119,627785,122636,272597,178329,332702,114315,37670,24719,611738,138526,284231,212153,381156,147250,23216,16668,2016,4.4,82.37225051,6.283257551,6.348843118,4.646962087,0.917048538,0.068389411,0.058166701,0.023057698,0.034708453,0.033297824,0.070531478,0.037669034,2.503118623,0.878578406,0.021472917,12.95818217,3525691,1077696,91.0297618,27.82501648,WISCONSIN,WI,1382536,1405284,2787820,0.49592011,0.50407989,-0.815978076,Republican,49.59201096,50.40798904,53.46342998,46.53657002,-3.871419021,3.871419021,-7.742838042
55,Wisconsin,WI,2020,5806975,39.6,4681072,367889,408267,289231,61167,6167,3689,2008,2769,2399,3835,3424,163396,48674,2672,63293,34450,5659485,620947,3982118,622627,131818,270328,201002,373205,126807,40581,27816,582694,138092,276860,236943,433313,174530,28726,21569,2020,3.2,80.61119602,6.335295055,7.030631267,4.980751596,1.05333672,0.106199872,0.063527052,0.034579105,0.047684035,0.041312387,0.066041269,0.058963574,2.81378859,0.83819889,0.04601363,10.97179337,3686911,1226547,92.58668377,30.80137254,WISCONSIN,WI,1630866,1610184,3241050,0.503190633,0.496809367,0.638126533,Democratic,50.31906327,49.68093673,49.59201096,50.40798904,0.727052305,-0.727052305,1.454104609
55,Wisconsin,WI,2023,5892023,40.1,4664403,361890,457687,315251,66610,6581,3729,3232,3004,5497,5795,4555,169891,43336,2229,75670,42019,5757334,609003,4069583,634249,133686,268833,213346,410255,135111,40884,30423,573158,136339,264994,242419,469652,193013,28927,24863,2024,3,79.16471134,6.14203305,7.767909256,5.350471307,1.130511541,0.111693386,0.063288959,0.054853825,0.050984187,0.09329563,0.098353316,0.077307913,2.883406938,0.735502899,0.03783081,10.57786469,3800152,1333128,93.37939538,32.75834404,WISCONSIN,WI,1668229,1697626,3365855,0.495633056,0.504366944,-0.873388782,Republican,49.56330561,50.43669439,50.31906327,49.68093673,-0.755757658,0.755757658,-1.511515315
54,West Virginia,WV,2011,1846372,41.1,1720600,58296,22007,9569,3565,776,180,236,856,162,270,248,11809,3052,456,39550,22010,1794220,313363,1287738,260588,32845,74741,29569,67399,24140,10837,6139,267687,42139,81470,47799,72461,37113,5454,3297,2012,7.8,93.18815493,3.157326909,1.19190499,0.518259592,0.193081351,0.042028367,0.009748848,0.012781823,0.046361188,0.008773963,0.014623272,0.013431746,0.63957859,0.165297134,0.024697082,17.46513805,1063678,226840,82.60049793,17.6153845,WEST VIRGINIA,WV,238269,417655,655924,0.363257024,0.636742976,-27.34859526,Republican,36.32570237,63.67429763,43.32625623,56.67374377,-7.000553865,7.000553865,-14.00110773
54,West Virginia,WV,2015,1851420,41.8,1713434,61367,25408,11028,4481,1044,537,123,832,200,525,448,13485,2953,625,41751,23450,1797793,323384,1298118,266458,33897,78134,31779,72974,28459,10603,6480,262097,41662,86285,53779,79403,40702,6073,3979,2016,6.6,92.54701796,3.314590963,1.372352032,0.595650906,0.242030441,0.05638915,0.029004764,0.006643549,0.04493848,0.010802519,0.028356613,0.024197643,0.728359854,0.159499195,0.033757872,17.98783286,1102764,248673,84.95098288,19.15642492,WEST VIRGINIA,WV,188794,489371,678165,0.278389477,0.721610523,-44.3221045,Republican,27.83894775,72.16105225,36.32570237,63.67429763,-8.486754619,8.486754619,-16.97350924
54,West Virginia,WV,2020,1807426,42.7,1654681,64285,28679,11650,6122,1148,320,95,1253,145,558,548,14228,3146,474,48037,27346,1755591,300152,1283869,263609,36367,77432,37583,76845,30577,9932,7441,249534,43037,83694,60157,86753,50025,6454,5398,2020,5,91.54903161,3.556715462,1.586731628,0.644563042,0.338713729,0.06351574,0.017704736,0.005256093,0.069325107,0.008022458,0.030872633,0.03031936,0.78719682,0.174059685,0.02622514,17.09692064,1124838,273425,87.61314433,21.29695475,WEST VIRGINIA,WV,235984,545382,781366,0.302014677,0.697985323,-39.59706463,Republican,30.20146769,69.79853231,27.83894775,72.16105225,2.362519937,-2.362519937,4.725039875
54,West Virginia,WV,2023,1784462,42.7,1609499,58519,36125,13104,6198,1451,628,350,2279,243,1153,918,13434,1532,513,57917,32949,1728580,287660,1269202,264362,36362,71396,41345,80449,33265,10830,8384,236756,41098,74894,62894,95437,53605,7591,5980,2024,3.9,90.19519609,3.279363752,2.024419685,0.734338977,0.347331577,0.081313023,0.03519268,0.019613755,0.127713563,0.01361755,0.064613312,0.051444077,0.752831946,0.085852206,0.028748161,16.64140508,1124648,295541,88.61063881,23.28557629,WEST VIRGINIA,WV,214309,533556,747865,0.286561077,0.713438923,-42.68778456,Republican,28.65610772,71.34389228,30.20146769,69.79853231,-1.545359966,1.545359966,-3.090719932
56,Wyoming,WY,2011,554697,36.9,478758,4309,46391,33193,766,251,135,187,405,183,517,42,3985,12752,204,56380,28952,541296,54900,364833,59314,14326,34269,15866,28590,10202,2999,2336,51832,17390,33235,20617,29949,11079,1823,1350,2012,6.2,86.3098232,0.776820498,8.363304651,5.983987655,0.13809341,0.045249929,0.024337611,0.033712099,0.073012834,0.032990984,0.093204038,0.007571701,0.718410231,2.29891274,0.036776835,10.14232509,335177,88328,91.87134936,24.2105292,WYOMING,WY,69286,170962,240248,0.28839366,0.71160634,-42.32126802,Republican,28.83936599,71.16063401,33.43797664,66.56202336,-4.598610656,4.598610656,-9.197221313
56,Wyoming,WY,2015,579679,36.8,489665,6142,55698,41808,1304,335,123,191,582,96,881,50,5319,12658,423,58840,29803,565647,64995,384272,61874,15115,34743,17812,32257,10277,2998,2948,50998,17277,36344,21743,33530,13224,1934,1632,2016,4.2,84.47175074,1.059551924,9.608421212,7.212267479,0.224952086,0.057790605,0.02121864,0.03294927,0.100400394,0.01656089,0.151980665,0.008625463,0.917576797,2.183622315,0.07297142,11.49038181,354706,98800,92.30597077,25.71095474,WYOMING,WY,55973,174419,230392,0.242946804,0.757053196,-51.41063926,Republican,24.29468037,75.70531963,28.83936599,71.16063401,-4.544685618,4.544685618,-9.089371235
56,Wyoming,WY,2020,581348,38,485816,5079,58854,45354,1302,191,35,379,298,35,684,106,4892,13117,589,65304,34415,566858,61006,392819,62185,15304,33896,20123,32716,14172,3815,2981,49998,16959,33633,24821,36680,16494,2108,1733,2020,3.7,83.56715771,0.873659151,10.12371248,7.801523356,0.223962239,0.032854676,0.00602049,0.065193309,0.051260175,0.00602049,0.117657582,0.018233485,0.841492531,2.256307754,0.101316251,10.7621309,367618,110699,93.58457712,28.18066336,WYOMING,WY,73491,193559,267050,0.275195656,0.724804344,-44.96086875,Republican,27.51956562,72.48043438,24.29468037,75.70531963,3.224885254,-3.224885254,6.449770507
56,Wyoming,WY,2023,579761,38.8,476179,4982,60581,44170,1631,383,21,561,316,92,877,41,4792,11927,499,74815,41006,565918,60704,395504,61690,15712,32572,20888,34639,14975,4173,3235,48195,17485,31319,25805,39716,17317,2369,1912,2024,2.9,82.13367232,0.859319616,10.44930583,7.618656653,0.281322821,0.066061705,0.003622182,0.096764011,0.054505219,0.015868608,0.15126923,0.00707188,0.826547491,2.05722703,0.08606995,10.72664238,372002,118336,94.05770865,29.92030422,WYOMING,WY,69527,192633,262160,0.26520827,0.73479173,-46.95834605,Republican,26.52082698,73.47917302,27.51956562,72.48043438,-0.998738649,0.998738649,-1.997477297
